enforcement_id,country_code,regulation_id,regulation_name,case_name,company_name,sector,violation_type,violation_date,enforcement_date,fine_amount_usd,settlement_type,ai_related,enforcing_agency,source_url,summary
US_FTC_NONMERGER_1910074,US,US_FTC,Federal Trade Commission Act,Rent-to-Own Operators Settle Charges that They Restrained Competition through Reciprocal Purchase Agreements,Rent-to-Own Operators Settle Charges that They Restrained Competition through Reciprocal Purchase Agreements,retail,restraint of trade,2025-06-17,2020-02-21,0,consent_order,1,FTC,https://www.ftc.gov/news-events/press-releases/2020/02/rent-own-operators-settle-charges-they-restrained-competition,"An official website of the United States government Here’s how you know The .gov means it’s official.Federal government websites often end in .gov or .mil. Before sharing sensitive information, make sure you’re on a federal government site."
US_FTC_NONMERGER_1610001,US,US_FTC,Federal Trade Commission Act,"FTC and NY Attorney General Charge Vyera Pharmaceuticals, Martin Shkreli, and Other Defendants with Anticompetitive Scheme to Protect a List-Price Increase of More Than 4,000 Percent for Life-Saving Drug Daraprim","FTC and NY Attorney General Charge Vyera Pharmaceuticals, Martin Shkreli, and Other Defendants with Anticompetitive Scheme to Protect a List-Price Increase of More Than 4,000 Percent for Life-Saving Drug Daraprim",healthcare,"monopoly, deceptive practices, unfair practices",2020-01-27,2020-01-27,293000000000,permanent_injunction,1,FTC,https://www.ftc.gov/news-events/press-releases/2020/01/ftc-ny-attorney-general-charge-vyera-pharmaceuticals-martin,"An official website of the United States government Here’s how you know The .gov means it’s official.Federal government websites often end in .gov or .mil. Before sharing sensitive information, make sure you’re on a federal government site."
US_FTC_NONMERGER_1310036,US,US_FTC,Federal Trade Commission Act,"Reckitt Benckiser Group plc to Pay $50 Million to Consumers, Settling FTC Charges that the Company Illegally Maintained a Monopoly over the Opioid Addiction Treatment Suboxone","Reckitt Benckiser Group plc to Pay $50 Million to Consumers, Settling FTC Charges that the Company Illegally Maintained a Monopoly over the Opioid Addiction Treatment Suboxone",healthcare,monopoly,2025-06-17,2019-07-11,50000000,permanent_injunction,1,FTC,https://www.ftc.gov/news-events/press-releases/2019/07/reckitt-benckiser-group-plc-pay-50-million-consumers-settling-ftc,"An official website of the United States government Here’s how you know The .gov means it’s official.Federal government websites often end in .gov or .mil. Before sharing sensitive information, make sure you’re on a federal government site."
US_FTC_NONMERGER_1310036,US,US_FTC,Federal Trade Commission Act,"Reckitt Benckiser Group plc to Pay $50 Million to Consumers, Settling FTC Charges that the Company Illegally Maintained a Monopoly over the Opioid Addiction Treatment Suboxone","Reckitt Benckiser Group plc to Pay $50 Million to Consumers, Settling FTC Charges that the Company Illegally Maintained a Monopoly over the Opioid Addiction Treatment Suboxone",healthcare,monopoly,2025-06-17,2019-07-11,50000000,permanent_injunction,1,FTC,https://www.ftc.gov/news-events/press-releases/2019/07/reckitt-benckiser-group-plc-pay-50-million-consumers-settling-ftc,"An official website of the United States government Here’s how you know The .gov means it’s official.Federal government websites often end in .gov or .mil. Before sharing sensitive information, make sure you’re on a federal government site."
US_FTC_NONMERGER_1410210,US,US_FTC,Federal Trade Commission Act,FTC Charges Surescripts with Illegal Monopolization of E-Prescription Markets,FTC Charges Surescripts with Illegal Monopolization of E-Prescription Markets,healthcare,monopoly,2025-06-17,2019-04-17,448000000,permanent_injunction,1,FTC,https://www.ftc.gov/news-events/press-releases/2019/04/ftc-charges-surescripts-illegal-monopolization-e-prescription,"An official website of the United States government Here’s how you know The .gov means it’s official.Federal government websites often end in .gov or .mil. Before sharing sensitive information, make sure you’re on a federal government site."
US_FTC_NONMERGER_1710134,US,US_FTC,Federal Trade Commission Act,Therapist Staffing Company and Two Owners Settle Charges that They Colluded on Rates Paid to Physical Therapists in Dallas/Fort Worth Area,Therapist Staffing Company and Two Owners Settle Charges that They Colluded on Rates Paid to Physical Therapists in Dallas,healthcare,"deceptive practices, unfair practices",2018-07-31,2018-07-31,0,consent_order,1,FTC,https://www.ftc.gov/news-events/press-releases/2018/07/therapist-staffing-company-two-owners-settle-charges-they,"An official website of the United States government Here’s how you know The .gov means it’s official.Federal government websites often end in .gov or .mil. Before sharing sensitive information, make sure you’re on a federal government site."
US_FTC_NONMERGER_1610230,US,US_FTC,Federal Trade Commission Act,Community Newspaper Owner Oregon Lithoprint Inc. Settles Charges that It Restrained Competition in the Local Market for Foreclosure Notices,Community Newspaper Owner Oregon Lithoprint Inc. Settles Charges that It Restrained Competition in the Local Market for Foreclosure Notices,publishing,restraint of trade,2018-03-09,2018-04-10,0,consent_order,1,FTC,https://www.ftc.gov/news-events/press-releases/2018/03/community-newspaper-owner-oregon-lithoprint-inc-settles-charges,"An official website of the United States government Here’s how you know The .gov means it’s official.Federal government websites often end in .gov or .mil. Before sharing sensitive information, make sure you’re on a federal government site."
US_FTC_NONMERGER_1510190,US,US_FTC,Federal Trade Commission Act,FTC Sues Dental Products Distributors for Alleged Conspiracy Not to Provide Discounts to a Customer Segment,FTC Sues Dental Products Distributors for Alleged Conspiracy Not to Provide Discounts to a Customer Segment,healthcare,conspiracy,2025-06-17,2018-02-12,10000000000,administrative_complaint,1,FTC,https://www.ftc.gov/news-events/press-releases/2018/02/ftc-sues-dental-products-distributors-alleged-conspiracy-not,"An official website of the United States government Here’s how you know The .gov means it’s official.Federal government websites often end in .gov or .mil. Before sharing sensitive information, make sure you’re on a federal government site."
US_FTC_NONMERGER_1510138,US,US_FTC,Federal Trade Commission Act,"National Association of Animal Breeders, Inc. Agreed To Refrain From Adopting Rules that Restrict Competition Among Members","National Association of Animal Breeders, Inc. Agreed To Refrain From Adopting Rules that Restrict Competition Among Members",healthcare,"deceptive practices, unfair practices",2025-06-17,2017-08-18,0,consent_order,1,FTC,https://www.ftc.gov/news-events/press-releases/2017/08/national-association-animal-breeders-inc-agreed-refrain-adopting,"An official website of the United States government Here’s how you know The .gov means it’s official.Federal government websites often end in .gov or .mil. Before sharing sensitive information, make sure you’re on a federal government site."
US_FTC_NONMERGER_1610068,US,US_FTC,Federal Trade Commission Act,FTC Challenges Louisiana Real Estate Appraisers Board Regulations that Restrict Competition,FTC Challenges Louisiana Real Estate Appraisers Board Regulations that Restrict Competition,healthcare,"deceptive practices, unfair practices",2018-01-30,2018-01-30,0,administrative_complaint,1,FTC,https://www.ftc.gov/news-events/press-releases/2017/05/ftc-challenges-louisiana-real-estate-appraisal-board-regulations,"An official website of the United States government Here’s how you know The .gov means it’s official.Federal government websites often end in .gov or .mil. Before sharing sensitive information, make sure you’re on a federal government site."
US_FTC_NONMERGER_1510159,US,US_FTC,Federal Trade Commission Act,American Guild of Organists Agrees to Eliminate Rules that Restrict Competition among Members,American Guild of Organists Agrees to Eliminate Rules that Restrict Competition among Members,healthcare,"restraint of trade, deceptive practices, unfair practices",2025-06-17,2017-05-02,0,consent_order,1,FTC,https://www.ftc.gov/news-events/press-releases/2017/03/american-guild-organists-agrees-eliminate-rules-restrict,"An official website of the United States government Here’s how you know The .gov means it’s official.Federal government websites often end in .gov or .mil. Before sharing sensitive information, make sure you’re on a federal government site."
US_FTC_NONMERGER_1210062,US,US_FTC,Federal Trade Commission Act,"FTC Charges That Shire ViroPharma Inc. Abused Government Processes Through Serial, Sham Petitioning to Delay Generics and Maintain its Monopoly over Vancocin HCl Capsules","FTC Charges That Shire ViroPharma Inc. Abused Government Processes Through Serial, Sham Petitioning to Delay Generics and Maintain its Monopoly over Vancocin HCl Capsules",healthcare,monopoly,2025-06-17,2017-02-07,227000000000,permanent_injunction,1,FTC,https://www.ftc.gov/news-events/press-releases/2017/02/ftc-charges-shire-viropharma-inc-abused-government-processes,"An official website of the United States government Here’s how you know The .gov means it’s official.Federal government websites often end in .gov or .mil. Before sharing sensitive information, make sure you’re on a federal government site."
US_FTC_NONMERGER_1410004,US,US_FTC,Federal Trade Commission Act,Endo Pharmaceuticals / Impax Labs,Endo Pharmaceuticals / Impax Labs,healthcare,"deceptive practices, unfair practices",2017-01-23,2017-01-23,0,administrative_complaint,1,FTC,https://www.ftc.gov/enforcement/cases-proceedings/141-0004/endo-pharmaceuticals-impax-labs,"An official website of the United States government Here’s how you know The .gov means it’s official.Federal government websites often end in .gov or .mil. Before sharing sensitive information, make sure you’re on a federal government site."
US_FTC_NONMERGER_1410004,US,US_FTC,Federal Trade Commission Act,Endo Pharmaceuticals / Impax Labs,Endo Pharmaceuticals / Impax Labs,healthcare,"deceptive practices, unfair practices",2017-01-23,2017-01-23,0,permanent_injunction,1,FTC,https://www.ftc.gov/enforcement/cases-proceedings/141-0004/endo-pharmaceuticals-impax-labs,"An official website of the United States government Here’s how you know The .gov means it’s official.Federal government websites often end in .gov or .mil. Before sharing sensitive information, make sure you’re on a federal government site."
US_FTC_NONMERGER_1410194,US,US_FTC,Federal Trade Commission Act,"Cooperativa de Médicos Oftalmólogos de Puerto Rico, In the Matter of",Cooperativa de Médicos Oftalmólogos de Puerto Rico,healthcare,"restraint of trade, deceptive practices, unfair practices",2025-06-17,2017-01-19,0,consent_order,1,FTC,https://www.ftc.gov/enforcement/cases-proceedings/141-0194/cooperativa-de-medicos-oftalmologos-de-puerto-rico,"An official website of the United States government Here’s how you know The .gov means it’s official.Federal government websites often end in .gov or .mil. Before sharing sensitive information, make sure you’re on a federal government site."
US_FTC_NONMERGER_1310172,US,US_FTC,Federal Trade Commission Act,"Mallinckrodt Will Pay $100 Million to Settle FTC, State Charges It Illegally Maintained its Monopoly of Specialty Drug Used to Treat Infants","Mallinckrodt Will Pay $100 Million to Settle FTC, State Charges It Illegally Maintained its Monopoly of Specialty Drug Used to Treat Infants",healthcare,monopoly,2017-01-18,2017-01-18,100000000,permanent_injunction,1,FTC,https://www.ftc.gov/news-events/press-releases/2017/01/mallinckrodt-will-pay-100-million-settle-ftc-state-charges-it,"An official website of the United States government Here’s how you know The .gov means it’s official.Federal government websites often end in .gov or .mil. Before sharing sensitive information, make sure you’re on a federal government site."
US_FTC_NONMERGER_1410199,US,US_FTC,Federal Trade Commission Act,FTC Charges Qualcomm With Monopolizing Key Semiconductor Device Used in Cell Phones,FTC Charges Qualcomm With Monopolizing Key Semiconductor Device Used in Cell Phones,technology,"monopoly, deceptive practices, unfair practices",2025-06-17,2017-01-17,15400000000,permanent_injunction,1,FTC,https://www.ftc.gov/news-events/press-releases/2017/01/ftc-charges-qualcomm-monopolizing-key-semiconductor-device-used,"An official website of the United States government Here’s how you know The .gov means it’s official.Federal government websites often end in .gov or .mil. Before sharing sensitive information, make sure you’re on a federal government site."
US_FTC_NONMERGER_1510000,US,US_FTC,Federal Trade Commission Act,"Fortiline, LLC, In the Matter of","Fortiline, LLC",manufacturing,"deceptive practices, unfair practices",2025-06-17,2016-08-09,0,consent_order,1,FTC,https://www.ftc.gov/enforcement/cases-proceedings/151-0000/fortiline-llc,"An official website of the United States government Here’s how you know The .gov means it’s official.Federal government websites often end in .gov or .mil. Before sharing sensitive information, make sure you’re on a federal government site."
US_FTC_NONMERGER_1410200,US,US_FTC,Federal Trade Commission Act,"FTC Sues 1-800 Contacts, Charging that It Harms Competition in Online Search Advertising Auctions and Restricts Truthful Advertising to Consumers","FTC Sues 1-800 Contacts, Charging that It Harms Competition in Online Search Advertising Auctions and Restricts Truthful Advertising to Consumers",manufacturing,"deceptive practices, unfair practices",2017-04-11,2017-04-11,0,administrative_complaint,1,FTC,https://www.ftc.gov/news-events/press-releases/2016/08/ftc-sues-1-800-contacts-charging-it-harms-competition-online,"An official website of the United States government Here’s how you know The .gov means it’s official.Federal government websites often end in .gov or .mil. Before sharing sensitive information, make sure you’re on a federal government site."
US_FTC_NONMERGER_1410042,US,US_FTC,Federal Trade Commission Act,Supplier of High-Performance Polymer for Medical Implants Settles FTC Charges that It Monopolized Sales to World’s Largest Medical Device Makers,Supplier of High-Performance Polymer for Medical Implants Settles FTC Charges that It Monopolized Sales to World’s Largest Medical Device Makers,manufacturing,"monopoly, deceptive practices, unfair practices",2016-04-27,2016-05-27,0,consent_order,1,FTC,https://www.ftc.gov/news-events/press-releases/2016/04/supplier-high-performance-polymer-medical-implants-settles-ftc?utm_source=govdelivery,"An official website of the United States government Here’s how you know The .gov means it’s official.Federal government websites often end in .gov or .mil. Before sharing sensitive information, make sure you’re on a federal government site."
US_FTC_NONMERGER_1410004,US,US_FTC,Federal Trade Commission Act,Endo Pharmaceuticals / Impax Labs,Endo Pharmaceuticals / Impax Labs,healthcare,"deceptive practices, unfair practices",2017-01-23,2017-01-23,0,permanent_injunction,1,FTC,https://www.ftc.gov/enforcement/cases-proceedings/141-0004/endo-pharmaceuticals-impax-labs,"An official website of the United States government Here’s how you know The .gov means it’s official.Federal government websites often end in .gov or .mil. Before sharing sensitive information, make sure you’re on a federal government site."
US_FTC_NONMERGER_1410004,US,US_FTC,Federal Trade Commission Act,Endo Pharmaceuticals / Impax Labs,Endo Pharmaceuticals / Impax Labs,healthcare,"deceptive practices, unfair practices",2017-01-23,2017-01-23,0,permanent_injunction,1,FTC,https://www.ftc.gov/enforcement/cases-proceedings/141-0004/endo-pharmaceuticals-impax-labs,"An official website of the United States government Here’s how you know The .gov means it’s official.Federal government websites often end in .gov or .mil. Before sharing sensitive information, make sure you’re on a federal government site."
US_FTC_NONMERGER_1510048,US,US_FTC,Federal Trade Commission Act,"Drug Testing Compliance Group, LLC, In the Matter of","Drug Testing Compliance Group, LLC",healthcare,"deceptive practices, unfair practices",2015-12-18,2015-12-14,0,consent_order,1,FTC,https://www.ftc.gov/enforcement/cases-proceedings/151-0048/drug-testing-compliance-group-llc-matter,"An official website of the United States government Here’s how you know The .gov means it’s official.Federal government websites often end in .gov or .mil. Before sharing sensitive information, make sure you’re on a federal government site."
US_FTC_NONMERGER_1510181,US,US_FTC,Federal Trade Commission Act,"Step N Grip, LLC, In the Matter of","Step N Grip, LLC",manufacturing,"deceptive practices, unfair practices",2025-06-17,2015-10-27,0,consent_order,1,FTC,https://www.ftc.gov/enforcement/cases-proceedings/151-0181/step-n-grip-llc-matter,"An official website of the United States government Here’s how you know The .gov means it’s official.Federal government websites often end in .gov or .mil. Before sharing sensitive information, make sure you’re on a federal government site."
US_FTC_NONMERGER_1410215,US,US_FTC,Federal Trade Commission Act,"National Association of Animal Breeders, Inc., In the Matter of","National Association of Animal Breeders, Inc.",healthcare,"deceptive practices, unfair practices",2025-06-17,2015-09-24,0,consent_order,1,FTC,https://www.ftc.gov/enforcement/cases-proceedings/141-0215/national-association-animal-breeders-inc-matter,"An official website of the United States government Here’s how you know The .gov means it’s official.Federal government websites often end in .gov or .mil. Before sharing sensitive information, make sure you’re on a federal government site."
US_FTC_NONMERGER_1510030,US,US_FTC,Federal Trade Commission Act,"Concordia Healthcare / Par Pharmaceutical, In the Matter of",Concordia Healthcare / Par Pharmaceutical,healthcare,"deceptive practices, unfair practices",2025-06-17,2015-08-18,239000000000,consent_order,1,FTC,https://www.ftc.gov/enforcement/cases-proceedings/151-0030/concordia-healthcare-par-pharmaceutical,"An official website of the United States government Here’s how you know The .gov means it’s official.Federal government websites often end in .gov or .mil. Before sharing sensitive information, make sure you’re on a federal government site."
US_FTC_NONMERGER_1010006,US,US_FTC,Federal Trade Commission Act,"Cardinal Health, Inc.","Cardinal Health, Inc.",healthcare,"deceptive practices, unfair practices",2025-06-17,2015-04-20,26800000,permanent_injunction,1,FTC,https://www.ftc.gov/enforcement/cases-proceedings/101-0006/cardinal-health-inc,"An official website of the United States government Here’s how you know The .gov means it’s official.Federal government websites often end in .gov or .mil. Before sharing sensitive information, make sure you’re on a federal government site."
US_FTC_NONMERGER_1310168,US,US_FTC,Federal Trade Commission Act,"Professional Skaters Association, Inc., In the Matter of","Professional Skaters Association, Inc.",healthcare,"deceptive practices, unfair practices",2025-06-17,2014-12-23,0,consent_order,1,FTC,https://www.ftc.gov/enforcement/cases-proceedings/131-0168/professional-skaters-association-inc-matter,"An official website of the United States government Here’s how you know The .gov means it’s official.Federal government websites often end in .gov or .mil. Before sharing sensitive information, make sure you’re on a federal government site."
US_FTC_NONMERGER_1410088,US,US_FTC,Federal Trade Commission Act,"Professional Lighting and Sign Management Company of America, Inc., In the Matter of","Professional Lighting and Sign Management Company of America, Inc.",healthcare,"deceptive practices, unfair practices",2025-06-17,2014-12-23,0,consent_order,1,FTC,https://www.ftc.gov/enforcement/cases-proceedings/141-0088/professional-lighting-sign-management-company-america-inc,"An official website of the United States government Here’s how you know The .gov means it’s official.Federal government websites often end in .gov or .mil. Before sharing sensitive information, make sure you’re on a federal government site."
US_FTC_NONMERGER_1210028,US,US_FTC,Federal Trade Commission Act,"AbbVie Inc., et al.","AbbVie Inc., et al.",healthcare,"monopoly, deceptive practices, unfair practices",2020-11-16,2014-09-08,448000000,permanent_injunction,1,FTC,https://www.ftc.gov/enforcement/cases-proceedings/121-0028/abbvie-inc-et-al,"An official website of the United States government Here’s how you know The .gov means it’s official.Federal government websites often end in .gov or .mil. Before sharing sensitive information, make sure you’re on a federal government site."
US_FTC_NONMERGER_1310127,US,US_FTC,Federal Trade Commission Act,"National Association of Teachers of Singing, Inc., In the Matter of","National Association of Teachers of Singing, Inc.",healthcare,"restraint of trade, deceptive practices, unfair practices",2025-06-17,2014-08-22,0,consent_order,1,FTC,https://www.ftc.gov/enforcement/cases-proceedings/131-0127/national-association-teachers-singing-inc-matter,"An official website of the United States government Here’s how you know The .gov means it’s official.Federal government websites often end in .gov or .mil. Before sharing sensitive information, make sure you’re on a federal government site."
US_FTC_NONMERGER_1410031,US,US_FTC,Federal Trade Commission Act,"National Association of Residential Property Managers, Inc., In the Matter of","National Association of Residential Property Managers, Inc.",healthcare,"restraint of trade, deceptive practices, unfair practices",2025-06-17,2014-08-22,0,consent_order,1,FTC,https://www.ftc.gov/enforcement/cases-proceedings/141-0031/national-association-residential-property-managers-inc-matter,"An official website of the United States government Here’s how you know The .gov means it’s official.Federal government websites often end in .gov or .mil. Before sharing sensitive information, make sure you’re on a federal government site."
US_FTC_NONMERGER_1410036,US,US_FTC,Federal Trade Commission Act,"Nationwide Barcode, In the Matter of",Nationwide Barcode,healthcare,"deceptive practices, unfair practices",2025-06-17,2014-07-21,0,consent_order,1,FTC,https://www.ftc.gov/enforcement/cases-proceedings/141-0036/nationwide-barcode-matter,"An official website of the United States government Here’s how you know The .gov means it’s official.Federal government websites often end in .gov or .mil. Before sharing sensitive information, make sure you’re on a federal government site."
US_FTC_NONMERGER_1210004,US,US_FTC,Federal Trade Commission Act,"Marker Volkl, In the Matter of",Marker Volkl,manufacturing,"collusion, deceptive practices, unfair practices",2025-06-17,2014-05-19,0,consent_order,1,FTC,https://www.ftc.gov/enforcement/cases-proceedings/121-0004/marker-volkl-matter,"An official website of the United States government Here’s how you know The .gov means it’s official.Federal government websites often end in .gov or .mil. Before sharing sensitive information, make sure you’re on a federal government site."
US_FTC_NONMERGER_1110195,US,US_FTC,Federal Trade Commission Act,"AmeriGas and Blue Rhino, In the Matter of",AmeriGas and Blue Rhino,energy,"deceptive practices, unfair practices",2014-10-31,2014-03-27,0,administrative_complaint,1,FTC,https://www.ftc.gov/enforcement/cases-proceedings/111-0195/amerigas-blue-rhino-matter,"An official website of the United States government Here’s how you know The .gov means it’s official.Federal government websites often end in .gov or .mil. Before sharing sensitive information, make sure you’re on a federal government site."
US_FTC_NONMERGER_1310118,US,US_FTC,Federal Trade Commission Act,"Music Teachers National Association, Inc., In the Matter of","Music Teachers National Association, Inc.",healthcare,"restraint of trade, deceptive practices, unfair practices",2013-12-16,2013-12-16,500000000,consent_order,1,FTC,https://www.ftc.gov/enforcement/cases-and-proceedings/cases/2013/12/music-teachers-national-association-inc-corporation,"An official website of the United States government Here’s how you know The .gov means it’s official.Federal government websites often end in .gov or .mil. Before sharing sensitive information, make sure you’re on a federal government site."
US_FTC_NONMERGER_1310205,US,US_FTC,Federal Trade Commission Act,"California Association of Legal Support Professionals, In the Matter of",California Association of Legal Support Professionals,healthcare,"restraint of trade, deceptive practices, unfair practices",2013-12-16,2013-12-16,500000000,consent_order,1,FTC,https://www.ftc.gov/enforcement/cases-and-proceedings/cases/2013/12/california-association-legal-support-professionals,"An official website of the United States government Here’s how you know The .gov means it’s official.Federal government websites often end in .gov or .mil. Before sharing sensitive information, make sure you’re on a federal government site."
US_FTC_NONMERGER_1210184,US,US_FTC,Federal Trade Commission Act,"Bosley, Inc., Aderans America Holdings, Inc., and Aderans Co., Ltd.","Bosley, Inc., Aderans America Holdings, Inc., and Aderans Co., Ltd.",healthcare,"deceptive practices, unfair practices",2013-04-08,2013-04-12,163500000,consent_order,1,FTC,https://ftc.gov/os/caselist/1210184/index.shtm,"An official website of the United States government Here’s how you know The .gov means it’s official.Federal government websites often end in .gov or .mil. Before sharing sensitive information, make sure you’re on a federal government site."
US_FTC_NONMERGER_1210098,US,US_FTC,Federal Trade Commission Act,"Práxedes E. Alvarez Santiago, M.D., et al. (“PR Nephrologists”), In the Matter of","Práxedes E. Alvarez Santiago, M.D., et al. (“PR Nephrologists”)",healthcare,"price fixing, deceptive practices, unfair practices",2025-06-17,2013-02-28,6000000,consent_order,1,FTC,https://ftc.gov/os/caselist/1210098/index.shtm,"An official website of the United States government Here’s how you know The .gov means it’s official.Federal government websites often end in .gov or .mil. Before sharing sensitive information, make sure you’re on a federal government site."
US_FTC_NONMERGER_1210120,US,US_FTC,Federal Trade Commission Act,"Motorola Mobility LLC, and Google Inc., In the Matter of","Motorola Mobility LLC, and Google Inc.",technology,"deceptive practices, unfair practices",2025-06-17,2013-01-03,0,consent_order,1,FTC,https://www.ftc.gov/os/caselist/1210120/index.shtm,"An official website of the United States government Here’s how you know The .gov means it’s official.Federal government websites often end in .gov or .mil. Before sharing sensitive information, make sure you’re on a federal government site."
US_FTC_NONMERGER_1010079,US,US_FTC,Federal Trade Commission Act,"Cooperativa de Farmacias Puertorriqueñas (""Coopharma"")","Cooperativa de Farmacias Puertorriqueñas (""Coopharma"")",healthcare,"price fixing, deceptive practices, unfair practices",2025-06-17,2012-08-21,0,consent_order,1,FTC,https://ftc.gov/os/caselist/1010079/index.shtm,"An official website of the United States government Here’s how you know The .gov means it’s official.Federal government websites often end in .gov or .mil. Before sharing sensitive information, make sure you’re on a federal government site."
US_FTC_NONMERGER_1010080,US,US_FTC,Federal Trade Commission Act,"McWane, Inc., and Star Pipe Products, Ltd., In the Matter of","McWane, Inc., and Star Pipe Products, Ltd.",manufacturing,"monopoly, collusion, exclusive dealing, deceptive practices, unfair practices",2013-05-09,2012-01-04,0,administrative_complaint,1,FTC,https://www.ftc.gov/os/adjpro/d9351/index.shtm,"An official website of the United States government Here’s how you know The .gov means it’s official.Federal government websites often end in .gov or .mil. Before sharing sensitive information, make sure you’re on a federal government site."
US_FTC_NONMERGER_1010080,US,US_FTC,Federal Trade Commission Act,"McWane, Inc., and Star Pipe Products, Ltd., In the Matter of","McWane, Inc., and Star Pipe Products, Ltd.",manufacturing,"monopoly, collusion, exclusive dealing, deceptive practices, unfair practices",2013-05-09,2012-01-04,0,administrative_complaint,1,FTC,https://www.ftc.gov/os/adjpro/d9351/index.shtm,"An official website of the United States government Here’s how you know The .gov means it’s official.Federal government websites often end in .gov or .mil. Before sharing sensitive information, make sure you’re on a federal government site."
US_FTC_NONMERGER_1010080,US,US_FTC,Federal Trade Commission Act,"Sigma Corporation, In the Matter of",Sigma Corporation,manufacturing,"monopoly, exclusive dealing, deceptive practices, unfair practices",2025-06-17,2012-01-04,0,consent_order,1,FTC,https://www.ftc.gov/os/caselist/1010080/index.shtm,"An official website of the United States government Here’s how you know The .gov means it’s official.Federal government websites often end in .gov or .mil. Before sharing sensitive information, make sure you’re on a federal government site."
US_FTC_NONMERGER_1010115,US,US_FTC,Federal Trade Commission Act,Pool Corporation,Pool Corporation,healthcare,"monopoly, deceptive practices, unfair practices",2011-11-28,2011-11-21,3000000000,consent_order,1,FTC,https://www.ftc.gov/os/caselist/1010115/index.shtm,"An official website of the United States government Here’s how you know The .gov means it’s official.Federal government websites often end in .gov or .mil. Before sharing sensitive information, make sure you’re on a federal government site."
US_FTC_NONMERGER_910013,US,US_FTC,Federal Trade Commission Act,"Southwest Health Alliances, Inc.","Southwest Health Alliances, Inc.",healthcare,"deceptive practices, unfair practices",2025-06-17,2011-05-10,0,consent_order,1,FTC,https://www.ftc.gov/os/caselist/0910013/index.shtm,"An official website of the United States government Here’s how you know The .gov means it’s official.Federal government websites often end in .gov or .mil. Before sharing sensitive information, make sure you’re on a federal government site."
US_FTC_NONMERGER_510199,US,US_FTC,Federal Trade Commission Act,"Minnesota Rural Health Cooperative, In the Matter of",Minnesota Rural Health Cooperative,healthcare,"price fixing, deceptive practices, unfair practices",2010-06-18,2010-06-18,0,consent_order,1,FTC,https://www.ftc.gov/os/caselist/0510199/index.shtm,"An official website of the United States government Here’s how you know The .gov means it’s official.Federal government websites often end in .gov or .mil. Before sharing sensitive information, make sure you’re on a federal government site."
US_FTC_NONMERGER_810137,US,US_FTC,Federal Trade Commission Act,"North Carolina Board of Dental Examiners, The, In the Matter of","North Carolina Board of Dental Examiners, The",healthcare,"conspiracy, restraint of trade, deceptive practices, unfair practices",2010-07-17,2012-01-13,0,administrative_complaint,1,FTC,https://www.ftc.gov/os/adjpro/d9343/index.shtm,"An official website of the United States government Here’s how you know The .gov means it’s official.Federal government websites often end in .gov or .mil. Before sharing sensitive information, make sure you’re on a federal government site."
US_FTC_NONMERGER_810157,US,US_FTC,Federal Trade Commission Act,"U-Haul International, Inc., and AMERCO, In the Matter of","U-Haul International, Inc., and AMERCO",transportation,"deceptive practices, unfair practices",2025-06-17,2010-06-09,0,consent_order,1,FTC,https://www.ftc.gov/os/caselist/0810157/index.shtm,"An official website of the United States government Here’s how you know The .gov means it’s official.Federal government websites often end in .gov or .mil. Before sharing sensitive information, make sure you’re on a federal government site."
US_FTC_NONMERGER_910062,US,US_FTC,Federal Trade Commission Act,"Transitions Optical, Inc.","Transitions Optical, Inc.",manufacturing,"monopoly, exclusive dealing, deceptive practices, unfair practices",2010-04-27,2010-03-03,630000000,consent_order,1,FTC,https://www.ftc.gov/os/caselist/0910062/index.shtm,"An official website of the United States government Here’s how you know The .gov means it’s official.Federal government websites often end in .gov or .mil. Before sharing sensitive information, make sure you’re on a federal government site."
US_FTC_NONMERGER_510252,US,US_FTC,Federal Trade Commission Act,"In the Matter of M. Catherine Higgins, an individual.",Boulder Valley IPA (M. Catherine Higgins),healthcare,"price fixing, deceptive practices, unfair practices",2025-06-17,2010-02-05,0,consent_order,1,FTC,https://www.ftc.gov/os/caselist/0510252/higgins/index.shtm,"An official website of the United States government Here’s how you know The .gov means it’s official.Federal government websites often end in .gov or .mil. Before sharing sensitive information, make sure you’re on a federal government site."
US_FTC_NONMERGER_610172,US,US_FTC,Federal Trade Commission Act,"Roaring Fork Valley Physicians I.P.A., Inc.","Roaring Fork Valley Physicians I.P.A., Inc.",healthcare,"price fixing, deceptive practices, unfair practices",2025-06-17,2010-02-03,0,consent_order,1,FTC,https://www.ftc.gov/os/caselist/0610172/index.shtm,"An official website of the United States government Here’s how you know The .gov means it’s official.Federal government websites often end in .gov or .mil. Before sharing sensitive information, make sure you’re on a federal government site."
US_FTC_NONMERGER_610247,US,US_FTC,Federal Trade Commission Act,"Intel Corporation, In the Matter of",Intel Corporation,technology,"monopoly, deceptive practices, unfair practices",2025-06-17,2009-12-15,50000000,administrative_complaint,1,FTC,https://www.ftc.gov/os/adjpro/d9341/index.shtm,"An official website of the United States government Here’s how you know The .gov means it’s official.Federal government websites often end in .gov or .mil. Before sharing sensitive information, make sure you’re on a federal government site."
US_FTC_NONMERGER_510260,US,US_FTC,Federal Trade Commission Act,"Alta Bates Medical Group, Inc.","Alta Bates Medical Group, Inc.",healthcare,"price fixing, deceptive practices, unfair practices",2025-06-17,2009-06-04,0,consent_order,1,FTC,https://www.ftc.gov/os/caselist/0510260/index.shtm,"An official website of the United States government Here’s how you know The .gov means it’s official.Federal government websites often end in .gov or .mil. Before sharing sensitive information, make sure you’re on a federal government site."
US_FTC_NONMERGER_10203,US,US_FTC,Federal Trade Commission Act,"National Association of Music Merchants, Inc., In the Matter of","National Association of Music Merchants, Inc.",healthcare,"deceptive practices, unfair practices",2025-06-17,2009-03-04,0,consent_order,1,FTC,https://www.ftc.gov/os/caselist/0010203/index.shtm,"An official website of the United States government Here’s how you know The .gov means it’s official.Federal government websites often end in .gov or .mil. Before sharing sensitive information, make sure you’re on a federal government site."
US_FTC_NONMERGER_710060,US,US_FTC,Federal Trade Commission Act,"Watson Pharmaceuticals, Inc., et al. (FTC v. Actavis)","Watson Pharmaceuticals, Inc., et al. (FTC v. Actavis)",healthcare,"deceptive practices, unfair practices",2009-02-02,2009-02-12,0,permanent_injunction,1,FTC,https://www.ftc.gov/os/caselist/0710060/index.shtm,"An official website of the United States government Here’s how you know The .gov means it’s official.Federal government websites often end in .gov or .mil. Before sharing sensitive information, make sure you’re on a federal government site."
US_FTC_NONMERGER_810167,US,US_FTC,Federal Trade Commission Act,"West Penn Multi-List, Inc., a corporation, In the Matter of","West Penn Multi-List, Inc., a corporation",healthcare,"restraint of trade, deceptive practices, unfair practices",2009-02-20,2009-01-09,0,consent_order,1,FTC,https://www.ftc.gov/os/caselist/0810167/index.shtm,"An official website of the United States government Here’s how you know The .gov means it’s official.Federal government websites often end in .gov or .mil. Before sharing sensitive information, make sure you’re on a federal government site."
US_FTC_NONMERGER_610258,US,US_FTC,Federal Trade Commission Act,"Independent Physicians Associates Medical Group, Inc., d/b/a AllCare IPA, In the Matter of","Independent Physicians Associates Medical Group, Inc., d/b/a AllCare IPA",healthcare,"restraint of trade, price fixing, deceptive practices, unfair practices",2025-06-17,2008-12-24,0,consent_order,1,FTC,https://www.ftc.gov/os/caselist/0610258/index.shtm,"An official website of the United States government Here’s how you know The .gov means it’s official.Federal government websites often end in .gov or .mil. Before sharing sensitive information, make sure you’re on a federal government site."
US_FTC_NONMERGER_510252,US,US_FTC,Federal Trade Commission Act,Boulder Valley Individual Practice Association,Boulder Valley Individual Practice Association,healthcare,"price fixing, deceptive practices, unfair practices",2025-06-17,2008-12-24,0,consent_order,1,FTC,https://www.ftc.gov/os/caselist/0510252/index.shtm,"An official website of the United States government Here’s how you know The .gov means it’s official.Federal government websites often end in .gov or .mil. Before sharing sensitive information, make sure you’re on a federal government site."
US_FTC_NONMERGER_710196,US,US_FTC,Federal Trade Commission Act,"Dick's Sporting Goods, Inc., In the Matter of","Dick's Sporting Goods, Inc.",retail,"market allocation, deceptive practices, unfair practices",2025-06-17,2008-10-09,0,consent_order,1,FTC,https://www.ftc.gov/os/caselist/0710196/index.shtm,"An official website of the United States government Here’s how you know The .gov means it’s official.Federal government websites often end in .gov or .mil. Before sharing sensitive information, make sure you’re on a federal government site."
US_FTC_NONMERGER_710074,US,US_FTC,Federal Trade Commission Act,"Connecticut Chiropractic Association, The; Connecticut Chiropractic Council, The; and Robert L. Hirtle, Esq., In the Matter of","Connecticut Chiropractic Association, The; Connecticut Chiropractic Council, The; and Robert L. Hirtle, Esq.",healthcare,"deceptive practices, unfair practices",2025-06-17,2008-03-05,0,consent_order,1,FTC,https://www.ftc.gov/os/caselist/0710074/index.shtm,"An official website of the United States government Here’s how you know The .gov means it’s official.Federal government websites often end in .gov or .mil. Before sharing sensitive information, make sure you’re on a federal government site."
US_FTC_NONMERGER_610182,US,US_FTC,Federal Trade Commission Act,"Cephalon, Inc.","Cephalon, Inc.",healthcare,"deceptive practices, unfair practices",2015-06-17,2008-03-06,1200000000,permanent_injunction,1,FTC,https://www.ftc.gov/os/caselist/0610182/index.shtm,"An official website of the United States government Here’s how you know The .gov means it’s official.Federal government websites often end in .gov or .mil. Before sharing sensitive information, make sure you’re on a federal government site."
US_FTC_NONMERGER_510094,US,US_FTC,Federal Trade Commission Act,"Negotiated Data Solutions LLC., In the Matter of",Negotiated Data Solutions LLC.,technology,"deceptive practices, unfair practices",2008-09-23,2008-01-23,20000000,consent_order,1,FTC,https://www.ftc.gov/os/caselist/0510094/index.shtm,"An official website of the United States government Here’s how you know The .gov means it’s official.Federal government websites often end in .gov or .mil. Before sharing sensitive information, make sure you’re on a federal government site."
US_FTC_NONMERGER_610090,US,US_FTC,Federal Trade Commission Act,"Multiple Listing Service, Inc., In the Matter of","Multiple Listing Service, Inc.",healthcare,"restraint of trade, deceptive practices, unfair practices",2025-06-17,2008-03-14,0,consent_order,1,FTC,https://www.ftc.gov/os/caselist/0610090/index.shtm,"An official website of the United States government Here’s how you know The .gov means it’s official.Federal government websites often end in .gov or .mil. Before sharing sensitive information, make sure you’re on a federal government site."
US_FTC_NONMERGER_510044,US,US_FTC,Federal Trade Commission Act,"Colegio de Optometras, Edgar Davila Garcia, O.D., and Carlos Rivera Alonso, O.D., In the Matter of","Colegio de Optometras, Edgar Davila Garcia, O.D., and Carlos Rivera Alonso, O.D.",healthcare,"monopoly, conspiracy, price fixing, deceptive practices, unfair practices",2025-06-17,2007-07-30,51,consent_order,1,FTC,https://www.ftc.gov/os/caselist/0510044/index.shtm,"An official website of the United States government Here’s how you know The .gov means it’s official.Federal government websites often end in .gov or .mil. Before sharing sensitive information, make sure you’re on a federal government site."
US_FTC_NONMERGER_610229,US,US_FTC,Federal Trade Commission Act,"American Petroleum Company, Inc.","American Petroleum Company, Inc.",energy,"deceptive practices, unfair practices",2007-08-28,2007-06-14,0,consent_order,1,FTC,https://www.ftc.gov/os/caselist/0610229/index.shtm,"An official website of the United States government Here’s how you know The .gov means it’s official.Federal government websites often end in .gov or .mil. Before sharing sensitive information, make sure you’re on a federal government site."
US_FTC_NONMERGER_610026,US,US_FTC,Federal Trade Commission Act,"Missouri Board of Embalmers and Funeral Directors, In the Matter of",Missouri Board of Embalmers and Funeral Directors,healthcare,"deceptive practices, unfair practices",2025-06-17,2007-03-09,0,consent_order,1,FTC,https://www.ftc.gov/os/caselist/0610026/index.shtm,"An official website of the United States government Here’s how you know The .gov means it’s official.Federal government websites often end in .gov or .mil. Before sharing sensitive information, make sure you’re on a federal government site."
US_FTC_NONMERGER_310021,US,US_FTC,Federal Trade Commission Act,"Advocate Health Partners, et al., In the Matter of","Advocate Health Partners, et al.",healthcare,"price fixing, deceptive practices, unfair practices",2025-06-17,2006-12-29,0,consent_order,1,FTC,https://www.ftc.gov/os/caselist/0310021/0310021.shtm,"An official website of the United States government Here’s how you know The .gov means it’s official.Federal government websites often end in .gov or .mil. Before sharing sensitive information, make sure you’re on a federal government site."
US_FTC_NONMERGER_610266,US,US_FTC,Federal Trade Commission Act,"MiRealSource, Inc., In the Matter of","MiRealSource, Inc.",healthcare,"restraint of trade, deceptive practices, unfair practices",2025-06-17,2006-10-12,9600000,administrative_complaint,1,FTC,https://www.ftc.gov/os/adjpro/d9321/index.shtm,"An official website of the United States government Here’s how you know The .gov means it’s official.Federal government websites often end in .gov or .mil. Before sharing sensitive information, make sure you’re on a federal government site."
US_FTC_NONMERGER_610088,US,US_FTC,Federal Trade Commission Act,"Realcomp II Ltd., In the Matter of",Realcomp II Ltd.,healthcare,"deceptive practices, unfair practices",2009-11-02,2006-10-12,9600000,administrative_complaint,1,FTC,https://www.ftc.gov/os/adjpro/d9320/index.shtm,"An official website of the United States government Here’s how you know The .gov means it’s official.Federal government websites often end in .gov or .mil. Before sharing sensitive information, make sure you’re on a federal government site."
US_FTC_NONMERGER_510219,US,US_FTC,Federal Trade Commission Act,"Austin Board of Realtors., In the Matter of",Austin Board of Realtors.,healthcare,"deceptive practices, unfair practices",2025-06-17,2006-07-13,9600000,consent_order,1,FTC,https://www.ftc.gov/os/caselist/0510219/0510219.shtm,"An official website of the United States government Here’s how you know The .gov means it’s official.Federal government websites often end in .gov or .mil. Before sharing sensitive information, make sure you’re on a federal government site."
US_FTC_NONMERGER_310181,US,US_FTC,Federal Trade Commission Act,"San Juan, IPA, In the Matter of","San Juan, IPA",healthcare,"deceptive practices, unfair practices",2005-07-05,2005-05-19,9600000,consent_order,1,FTC,https://www.ftc.gov/os/caselist/0310181/0310181.shtm,"An official website of the United States government Here’s how you know The .gov means it’s official.Federal government websites often end in .gov or .mil. Before sharing sensitive information, make sure you’re on a federal government site."
US_FTC_NONMERGER_310087,US,US_FTC,Federal Trade Commission Act,"New Millennium Orthopaedics, LLC; et al., In the Matter of","New Millennium Orthopaedics, LLC; et al.",healthcare,"price fixing, deceptive practices, unfair practices",2025-06-17,2005-05-02,9600000,consent_order,1,FTC,https://www.ftc.gov/os/caselist/0310087/0310087.shtm,"An official website of the United States government Here’s how you know The .gov means it’s official.Federal government websites often end in .gov or .mil. Before sharing sensitive information, make sure you’re on a federal government site."
US_FTC_NONMERGER_410099,US,US_FTC,Federal Trade Commission Act,"Preferred Health Services, Inc., In the Matter of","Preferred Health Services, Inc.",healthcare,"deceptive practices, unfair practices",2025-06-17,2005-03-02,9600000,consent_order,1,FTC,https://www.ftc.gov/os/caselist/0410099/0410099.shtm,"An official website of the United States government Here’s how you know The .gov means it’s official.Federal government websites often end in .gov or .mil. Before sharing sensitive information, make sure you’re on a federal government site."
US_FTC_NONMERGER_310135,US,US_FTC,Federal Trade Commission Act,"White Sands Health Care System, L.L.C.; et al., In the Matter of","White Sands Health Care System, L.L.C.; et al.",healthcare,"price fixing, deceptive practices, unfair practices",2025-06-17,2004-09-28,9600000,consent_order,1,FTC,https://www.ftc.gov/os/caselist/0310135/0310135.shtm,"An official website of the United States government Here’s how you know The .gov means it’s official.Federal government websites often end in .gov or .mil. Before sharing sensitive information, make sure you’re on a federal government site."
US_FTC_NONMERGER_210197,US,US_FTC,Federal Trade Commission Act,"Perrigo Company and Alpharma Inc., F.T.C.","Perrigo Company and Alpharma Inc., F.T.C.",healthcare,"deceptive practices, unfair practices",2025-06-17,2004-08-12,9600000,permanent_injunction,1,FTC,https://www.ftc.gov/os/caselist/0210197/0210197.shtm,"An official website of the United States government Here’s how you know The .gov means it’s official.Federal government websites often end in .gov or .mil. Before sharing sensitive information, make sure you’re on a federal government site."
US_FTC_NONMERGER_410014,US,US_FTC,Federal Trade Commission Act,Virginia Board of Funeral Directors and Embalmers,Virginia Board of Funeral Directors and Embalmers,healthcare,"deceptive practices, unfair practices",2025-06-17,2004-08-16,9600000,consent_order,1,FTC,https://www.ftc.gov/os/caselist/0410014/0410014.shtm,"An official website of the United States government Here’s how you know The .gov means it’s official.Federal government websites often end in .gov or .mil. Before sharing sensitive information, make sure you’re on a federal government site."
US_FTC_NONMERGER_310155,US,US_FTC,Federal Trade Commission Act,"Lewis, Robert, James Sowder, Gerald Wear, and Joel R. Yoseph, individually., In the Matter of","Lewis, Robert, James Sowder, Gerald Wear, and Joel R. Yoseph, individually.",healthcare,"price fixing, deceptive practices, unfair practices",2025-06-17,2004-06-14,9600000,consent_order,1,FTC,https://www.ftc.gov/os/caselist/0310155/0310155.shtm,"An official website of the United States government Here’s how you know The .gov means it’s official.Federal government websites often end in .gov or .mil. Before sharing sensitive information, make sure you’re on a federal government site."
US_FTC_NONMERGER_310134,US,US_FTC,Federal Trade Commission Act,"Southeastern New Mexico Physicians IPA, Inc., a corporation, and Barbara Gomez and Lonnie Ray, individually","Southeastern New Mexico Physicians IPA, Inc., a corporation, and Barbara Gomez and Lonnie Ray, individually",healthcare,"price fixing, deceptive practices, unfair practices",2025-06-17,2004-06-07,9600000,consent_order,1,FTC,https://www.ftc.gov/os/caselist/0310134/0310134.shtm,"An official website of the United States government Here’s how you know The .gov means it’s official.Federal government websites often end in .gov or .mil. Before sharing sensitive information, make sure you’re on a federal government site."
US_FTC_NONMERGER_210119,US,US_FTC,Federal Trade Commission Act,"Tenet Healthcare Corporation and Frye Regional Medical Center, Inc.","Tenet Healthcare Corporation and Frye Regional Medical Center, Inc.",healthcare,"conspiracy, price fixing, deceptive practices, unfair practices",2025-06-17,2003-12-24,9600000,consent_order,1,FTC,https://www.ftc.gov/os/caselist/0210119/0210119tenet.shtm,"An official website of the United States government Here’s how you know The .gov means it’s official.Federal government websites often end in .gov or .mil. Before sharing sensitive information, make sure you’re on a federal government site."
US_FTC_NONMERGER_210119,US,US_FTC,Federal Trade Commission Act,"Piedmont Health Alliance, Inc., et al., In the Matter of","Piedmont Health Alliance, Inc., et al.",healthcare,"price fixing, deceptive practices, unfair practices",2003-12-22,2003-12-24,9600000,administrative_complaint,1,FTC,https://www.ftc.gov/os/adjpro/d9314/index.shtm,"An official website of the United States government Here’s how you know The .gov means it’s official.Federal government websites often end in .gov or .mil. Before sharing sensitive information, make sure you’re on a federal government site."
US_FTC_NONMERGER_310001,US,US_FTC,Federal Trade Commission Act,Memorial Hermann Health Network Providers,Memorial Hermann Health Network Providers,healthcare,"price fixing, deceptive practices, unfair practices",2025-06-17,2003-11-25,9600000,consent_order,1,FTC,https://www.ftc.gov/os/caselist/0310001/0310001.shtm,"An official website of the United States government Here’s how you know The .gov means it’s official.Federal government websites often end in .gov or .mil. Before sharing sensitive information, make sure you’re on a federal government site."
US_FTC_NONMERGER_210115,US,US_FTC,Federal Trade Commission Act,New Hampshire Motor Transport Association,New Hampshire Motor Transport Association,healthcare,"deceptive practices, unfair practices",2025-06-17,2003-10-30,9600000,consent_order,1,FTC,https://www.ftc.gov/os/caselist/0210115.shtm,"An official website of the United States government Here’s how you know The .gov means it’s official.Federal government websites often end in .gov or .mil. Before sharing sensitive information, make sure you’re on a federal government site."
US_FTC_NONMERGER_210075,US,US_FTC,Federal Trade Commission Act,"North Texas Specialty Physicians, In the Matter of",North Texas Specialty Physicians,healthcare,"price fixing, deceptive practices, unfair practices",2005-12-01,2003-09-17,9600000,administrative_complaint,1,FTC,https://www.ftc.gov/os/adjpro/d9312/index.shtm,"An official website of the United States government Here’s how you know The .gov means it’s official.Federal government websites often end in .gov or .mil. Before sharing sensitive information, make sure you’re on a federal government site."
US_FTC_NONMERGER_210128,US,US_FTC,Federal Trade Commission Act,"South Carolina State Board of Dentistry, In the Matter of",South Carolina State Board of Dentistry,healthcare,"restraint of trade, deceptive practices, unfair practices",2025-06-17,2003-10-01,9600000,administrative_complaint,1,FTC,https://www.ftc.gov/os/adjpro/d9311/index.shtm,"An official website of the United States government Here’s how you know The .gov means it’s official.Federal government websites often end in .gov or .mil. Before sharing sensitive information, make sure you’re on a federal government site."
US_FTC_NONMERGER_210242,US,US_FTC,Federal Trade Commission Act,"Surgical Specialists of Yakima, P.L.L.C.; Cascade Surgical Partners, Inc., P.S.; and Yakima Surgical Associates, Inc., P.S","Surgical Specialists of Yakima, P.L.L.C.; Cascade Surgical Partners, Inc., P.S.; and Yakima Surgical Associates, Inc., P.S",healthcare,"price fixing, deceptive practices, unfair practices",2025-06-17,2003-09-24,9600000,consent_order,1,FTC,https://www.ftc.gov/os/caselist/0210242.shtm,"An official website of the United States government Here’s how you know The .gov means it’s official.Federal government websites often end in .gov or .mil. Before sharing sensitive information, make sure you’re on a federal government site."
US_FTC_NONMERGER_110222,US,US_FTC,Federal Trade Commission Act,"South Georgia Health Partners, et al., In the Matter of","South Georgia Health Partners, et al.",healthcare,"price fixing, deceptive practices, unfair practices",2025-06-17,2003-09-09,9600000,consent_order,1,FTC,https://www.ftc.gov/os/caselist/0110222.shtm,"An official website of the United States government Here’s how you know The .gov means it’s official.Federal government websites often end in .gov or .mil. Before sharing sensitive information, make sure you’re on a federal government site."
US_FTC_NONMERGER_210115,US,US_FTC,Federal Trade Commission Act,Minnesota Transport Services Association,Minnesota Transport Services Association,healthcare,"deceptive practices, unfair practices",2025-06-17,2003-08-01,9600000,consent_order,1,FTC,https://www.ftc.gov/os/caselist/c4097.shtm,"An official website of the United States government Here’s how you know The .gov means it’s official.Federal government websites often end in .gov or .mil. Before sharing sensitive information, make sure you’re on a federal government site."
US_FTC_NONMERGER_210115,US,US_FTC,Federal Trade Commission Act,"Iowa Movers and Warehousemen's Association, In the Matter of",Iowa Movers and Warehousemen's Association,healthcare,"deceptive practices, unfair practices",2025-06-17,2003-08-01,9600000,consent_order,1,FTC,https://www.ftc.gov/os/caselist/c4096.shtm,"An official website of the United States government Here’s how you know The .gov means it’s official.Federal government websites often end in .gov or .mil. Before sharing sensitive information, make sure you’re on a federal government site."
US_FTC_NONMERGER_210178,US,US_FTC,Federal Trade Commission Act,"Physician Network Consulting, L.L.C.; Michael J. Taylor; Professional Orthopedic Services, Inc.; The Bone and Joint Clinic of Baton Rouge, Inc.; Baton Rouge Orthopaedic Clinic, L.L.C.; and Orthopaedic Surgery Associates of Baton Rouge, L.L.C","Physician Network Consulting, L.L.C.; Michael J. Taylor; Professional Orthopedic Services, Inc.; The Bone and Joint Clinic of Baton Rouge, Inc.; Baton Rouge Orthopaedic Clinic, L.L.C.; and Orthopaedic Surgery Associates of Baton Rouge, L.L.C",healthcare,"price fixing, deceptive practices, unfair practices",2025-06-17,2003-07-22,9600000,consent_order,1,FTC,https://www.ftc.gov/os/caselist/0210178.shtm,"An official website of the United States government Here’s how you know The .gov means it’s official.Federal government websites often end in .gov or .mil. Before sharing sensitive information, make sure you’re on a federal government site."
US_FTC_NONMERGER_210017,US,US_FTC,Federal Trade Commission Act,"Maine Health Alliance, The, and William R. Diggins, In the Matter of","Maine Health Alliance, The, and William R. Diggins",healthcare,"price fixing, deceptive practices, unfair practices",2025-06-17,2003-07-18,9600000,consent_order,1,FTC,https://www.ftc.gov/os/caselist/0210017.shtm,"An official website of the United States government Here’s how you know The .gov means it’s official.Federal government websites often end in .gov or .mil. Before sharing sensitive information, make sure you’re on a federal government site."
US_FTC_NONMERGER_210115,US,US_FTC,Federal Trade Commission Act,"Movers Conference of Mississippi, Inc.","Movers Conference of Mississippi, Inc.",healthcare,"deceptive practices, unfair practices",2025-06-17,2003-07-09,9600000,administrative_complaint,1,FTC,https://www.ftc.gov/os/caselist/d9308.shtm,"An official website of the United States government Here’s how you know The .gov means it’s official.Federal government websites often end in .gov or .mil. Before sharing sensitive information, make sure you’re on a federal government site."
US_FTC_NONMERGER_210115,US,US_FTC,Federal Trade Commission Act,"Kentucky Household Goods Carriers Association, Inc., In the Matter of","Kentucky Household Goods Carriers Association, Inc.",healthcare,"conspiracy, price fixing, deceptive practices, unfair practices",2025-06-17,2004-01-06,9600000,administrative_complaint,1,FTC,https://www.ftc.gov/os/adjpro/d9309/index.shtm,"An official website of the United States government Here’s how you know The .gov means it’s official.Federal government websites often end in .gov or .mil. Before sharing sensitive information, make sure you’re on a federal government site."
US_FTC_NONMERGER_210115,US,US_FTC,Federal Trade Commission Act,"Alabama Trucking Association, Inc., In the Matter of","Alabama Trucking Association, Inc.",healthcare,"deceptive practices, unfair practices",2025-06-17,2003-07-09,9600000,administrative_complaint,1,FTC,https://www.ftc.gov/os/adjpro/d9307/index.shtm,"An official website of the United States government Here’s how you know The .gov means it’s official.Federal government websites often end in .gov or .mil. Before sharing sensitive information, make sure you’re on a federal government site."
US_FTC_NONMERGER_210188,US,US_FTC,Federal Trade Commission Act,Washington University Physician Network,Washington University Physician Network,healthcare,"price fixing, deceptive practices, unfair practices",2025-06-17,2003-07-11,9600000,consent_order,1,FTC,https://www.ftc.gov/os/caselist/0210188.shtm,"An official website of the United States government Here’s how you know The .gov means it’s official.Federal government websites often end in .gov or .mil. Before sharing sensitive information, make sure you’re on a federal government site."
US_FTC_NONMERGER_210143,US,US_FTC,Federal Trade Commission Act,"California Pacific Medical Group, Inc., In the Matter of","California Pacific Medical Group, Inc.",healthcare,"price fixing, deceptive practices, unfair practices",2003-07-08,2003-07-09,9600000,administrative_complaint,1,FTC,https://www.ftc.gov/os/adjpro/d9306/index.shtm,"An official website of the United States government Here’s how you know The .gov means it’s official.Federal government websites often end in .gov or .mil. Before sharing sensitive information, make sure you’re on a federal government site."
US_FTC_NONMERGER_110197,US,US_FTC,Federal Trade Commission Act,"SPA Health Organization, d/b/a Southwest Physician Associates, In the Matter of","SPA Health Organization, d/b/a Southwest Physician Associates",healthcare,"deceptive practices, unfair practices",2025-06-17,2003-06-09,9600000,consent_order,1,FTC,https://www.ftc.gov/os/caselist/0110197.shtm,"An official website of the United States government Here’s how you know The .gov means it’s official.Federal government websites often end in .gov or .mil. Before sharing sensitive information, make sure you’re on a federal government site."
US_FTC_NONMERGER_210006,US,US_FTC,Federal Trade Commission Act,"Anesthesia Service Medical Group, Inc.","Anesthesia Service Medical Group, Inc.",healthcare,"deceptive practices, unfair practices",2025-06-17,2003-07-15,9600000,consent_order,1,FTC,https://www.ftc.gov/os/caselist/c4085.shtm,"An official website of the United States government Here’s how you know The .gov means it’s official.Federal government websites often end in .gov or .mil. Before sharing sensitive information, make sure you’re on a federal government site."
US_FTC_NONMERGER_310002,US,US_FTC,Federal Trade Commission Act,"Carlsbad Physician Association, Inc.; and William J. Baggs, M.D.; Srichand S. Dara, M.D.; Glen Moore; James J. Purpura, D.O.; Deborah J. Schenck, M.D.; Charles L. Secora, M.D.; Majid A. Syed, M.D.; and Richard L. Zizza, M.D","Carlsbad Physician Association, Inc.; and William J. Baggs, M.D.; Srichand S. Dara, M.D.; Glen Moore; James J. Purpura, D.O.; Deborah J. Schenck, M.D.; Charles L. Secora, M.D.; Majid A. Syed, M.D.; and Richard L. Zizza, M.D",healthcare,"price fixing, deceptive practices, unfair practices",2025-06-17,2003-05-02,9600000,consent_order,1,FTC,https://www.ftc.gov/os/caselist/c4081.shtm,"An official website of the United States government Here’s how you know The .gov means it’s official.Federal government websites often end in .gov or .mil. Before sharing sensitive information, make sure you’re on a federal government site."
US_FTC_NONMERGER_210144,US,US_FTC,Federal Trade Commission Act,"Institute of Store Planners, In the Matter of",Institute of Store Planners,healthcare,"deceptive practices, unfair practices",2025-06-17,2003-04-17,9600000,consent_order,1,FTC,https://www.ftc.gov/os/caselist/0210144.shtm,"An official website of the United States government Here’s how you know The .gov means it’s official.Federal government websites often end in .gov or .mil. Before sharing sensitive information, make sure you’re on a federal government site."
US_FTC_NONMERGER_210115,US,US_FTC,Federal Trade Commission Act,"Indiana Household Movers and Warehousemen, Inc., In the Matter of","Indiana Household Movers and Warehousemen, Inc.",healthcare,"deceptive practices, unfair practices",2025-06-17,2003-03-18,9600000,consent_order,1,FTC,https://www.ftc.gov/os/caselist/c4077.shtm,"An official website of the United States government Here’s how you know The .gov means it’s official.Federal government websites often end in .gov or .mil. Before sharing sensitive information, make sure you’re on a federal government site."
US_FTC_NONMERGER_110046,US,US_FTC,Federal Trade Commission Act,"Bristol-Myers Squibb Company, In the Matter of",Bristol-Myers Squibb Company,healthcare,"deceptive practices, unfair practices",2025-06-17,2003-03-07,9600000,consent_order,1,FTC,https://www.ftc.gov/os/caselist/c4076.shtm,"An official website of the United States government Here’s how you know The .gov means it’s official.Federal government websites often end in .gov or .mil. Before sharing sensitive information, make sure you’re on a federal government site."
US_FTC_NONMERGER_10221,US,US_FTC,Federal Trade Commission Act,"Bristol-Myers Squibb Company, In the Matter of",Bristol-Myers Squibb Company,healthcare,"deceptive practices, unfair practices",2025-06-17,2003-03-07,9600000,consent_order,1,FTC,https://www.ftc.gov/os/caselist/c4076.shtm,"An official website of the United States government Here’s how you know The .gov means it’s official.Federal government websites often end in .gov or .mil. Before sharing sensitive information, make sure you’re on a federal government site."
US_FTC_NONMERGER_210181,US,US_FTC,Federal Trade Commission Act,"Bristol-Myers Squibb Company, In the Matter of",Bristol-Myers Squibb Company,healthcare,"deceptive practices, unfair practices",2025-06-17,2003-03-07,9600000,consent_order,1,FTC,https://www.ftc.gov/os/caselist/c4076.shtm,"An official website of the United States government Here’s how you know The .gov means it’s official.Federal government websites often end in .gov or .mil. Before sharing sensitive information, make sure you’re on a federal government site."
US_FTC_NONMERGER_110214,US,US_FTC,Federal Trade Commission Act,"Union Oil Company of California, In the Matter of",Union Oil Company of California,energy,"monopoly, deceptive practices, unfair practices",2004-12-13,2003-03-04,18000000000,administrative_complaint,1,FTC,https://www.ftc.gov/os/adjpro/d9305/index.shtm,"An official website of the United States government Here’s how you know The .gov means it’s official.Federal government websites often end in .gov or .mil. Before sharing sensitive information, make sure you’re on a federal government site."
US_FTC_NONMERGER_110242,US,US_FTC,Federal Trade Commission Act,National Academy of Arbitrators,National Academy of Arbitrators,healthcare,"restraint of trade, deceptive practices, unfair practices",2003-01-17,2002-12-03,9600000,consent_order,1,FTC,https://www.ftc.gov/os/caselist/0110242.shtm,"An official website of the United States government Here’s how you know The .gov means it’s official.Federal government websites often end in .gov or .mil. Before sharing sensitive information, make sure you’re on a federal government site."
US_FTC_NONMERGER_110244,US,US_FTC,Federal Trade Commission Act,American Institute For Conservation of Historic and Artistic Works,American Institute For Conservation of Historic and Artistic Works,healthcare,"deceptive practices, unfair practices",2025-06-17,2002-09-10,9600000,consent_order,1,FTC,https://www.ftc.gov/os/caselist/c4065.shtm,"An official website of the United States government Here’s how you know The .gov means it’s official.Federal government websites often end in .gov or .mil. Before sharing sensitive information, make sure you’re on a federal government site."
US_FTC_NONMERGER_110196,US,US_FTC,Federal Trade Commission Act,"System Health Providers, Inc., and Genesis Physicians Group, Inc.","System Health Providers, Inc., and Genesis Physicians Group, Inc.",healthcare,"deceptive practices, unfair practices",2025-06-17,2002-08-20,9600000,consent_order,1,FTC,https://www.ftc.gov/os/caselist/c4064.shtm,"An official website of the United States government Here’s how you know The .gov means it’s official.Federal government websites often end in .gov or .mil. Before sharing sensitive information, make sure you’re on a federal government site."
US_FTC_NONMERGER_110175,US,US_FTC,Federal Trade Commission Act,"R.T. Welter and Associates, Inc.","R.T. Welter and Associates, Inc.",healthcare,"deceptive practices, unfair practices",2025-06-17,2002-08-20,9600000,consent_order,1,FTC,https://www.ftc.gov/os/caselist/c4063.shtm,"An official website of the United States government Here’s how you know The .gov means it’s official.Federal government websites often end in .gov or .mil. Before sharing sensitive information, make sure you’re on a federal government site."
US_FTC_NONMERGER_110017,US,US_FTC,Federal Trade Commission Act,"Rambus Inc., In the Matter of",Rambus Inc.,technology,"monopoly, collusion, deceptive practices, unfair practices, misrepresentation",2003-02-28,2002-06-18,9600000,administrative_complaint,1,FTC,https://www.ftc.gov/os/caselist/d9302.shtm,"An official website of the United States government Here’s how you know The .gov means it’s official.Federal government websites often end in .gov or .mil. Before sharing sensitive information, make sure you’re on a federal government site."
US_FTC_NONMERGER_110173,US,US_FTC,Federal Trade Commission Act,"Physician Integrated Services of Denver, Inc., Michael J. Guese, M.D., and Marcia L. Brauchler","Physician Integrated Services of Denver, Inc., Michael J. Guese, M.D., and Marcia L. Brauchler",healthcare,"deceptive practices, unfair practices",2025-06-17,2002-05-09,9600000,consent_order,1,FTC,https://www.ftc.gov/os/caselist/0110173.shtm,"An official website of the United States government Here’s how you know The .gov means it’s official.Federal government websites often end in .gov or .mil. Before sharing sensitive information, make sure you’re on a federal government site."
US_FTC_NONMERGER_110174,US,US_FTC,Federal Trade Commission Act,"Aurora Associated Primary Care Physicians, L.L.C., Richard A. Patt, M.D., Gary L. Gaede, M.D., and Marcia L. Brauchler","Aurora Associated Primary Care Physicians, L.L.C., Richard A. Patt, M.D., Gary L. Gaede, M.D., and Marcia L. Brauchler",healthcare,"deceptive practices, unfair practices",2025-06-17,2002-05-09,9600000,consent_order,1,FTC,https://www.ftc.gov/os/caselist/0110174.shtm,"An official website of the United States government Here’s how you know The .gov means it’s official.Federal government websites often end in .gov or .mil. Before sharing sensitive information, make sure you’re on a federal government site."
US_FTC_NONMERGER_110153,US,US_FTC,Federal Trade Commission Act,"Obstetrics and Gynecology Medical Corporation of Napa Valley, a corporation et al.","Obstetrics and Gynecology Medical Corporation of Napa Valley, a corporation et al.",healthcare,"deceptive practices, unfair practices",2025-06-17,2002-04-05,9600000,consent_order,1,FTC,https://www.ftc.gov/os/caselist/0110153.shtm,"An official website of the United States government Here’s how you know The .gov means it’s official.Federal government websites often end in .gov or .mil. Before sharing sensitive information, make sure you’re on a federal government site."
US_FTC_NONMERGER_10231,US,US_FTC,Federal Trade Commission Act,"Polygram Holding, Inc.; Decca Music Group Limited; UMG Recordings, Inc.; and Universal Music & Video Distribution Corp","Polygram Holding, Inc.; Decca Music Group Limited; UMG Recordings, Inc.; and Universal Music & Video Distribution Corp",manufacturing,"deceptive practices, unfair practices",2002-06-28,2002-06-28,9600000,administrative_complaint,1,FTC,https://www.ftc.gov/os/caselist/d9298.shtm,"An official website of the United States government Here’s how you know The .gov means it’s official.Federal government websites often end in .gov or .mil. Before sharing sensitive information, make sure you’re on a federal government site."
US_FTC_NONMERGER_9910256,US,US_FTC,Federal Trade Commission Act,"Schering-Plough Corporation, Upsher-Smith Laboratories, and American Home Products Corporation, In the Matter of","Schering-Plough Corporation, Upsher-Smith Laboratories, and American Home Products Corporation",healthcare,"deceptive practices, unfair practices",2001-03-30,2001-04-02,9600000,administrative_complaint,1,FTC,https://www.ftc.gov/os/adjpro/d9297/index.shtm,"An official website of the United States government Here’s how you know The .gov means it’s official.Federal government websites often end in .gov or .mil. Before sharing sensitive information, make sure you’re on a federal government site."
US_FTC_NONMERGER_9810237,US,US_FTC,Federal Trade Commission Act,"FMC Corporation and Asahi Chemical Industry Co., Ltd","FMC Corporation and Asahi Chemical Industry Co., Ltd",manufacturing,"conspiracy, deceptive practices, unfair practices",2025-06-17,2002-06-21,9600000,consent_order,1,FTC,https://www.ftc.gov/os/caselist/c4050.shtm,"An official website of the United States government Here’s how you know The .gov means it’s official.Federal government websites often end in .gov or .mil. Before sharing sensitive information, make sure you’re on a federal government site."
US_FTC_NONMERGER_9910103,US,US_FTC,Federal Trade Commission Act,"Alaska Healthcare Network, Inc.","Alaska Healthcare Network, Inc.",healthcare,"price fixing, deceptive practices, unfair practices",2025-06-17,2000-09-20,9600000,consent_order,1,FTC,https://www.ftc.gov/os/caselist/c4007.shtm,"An official website of the United States government Here’s how you know The .gov means it’s official.Federal government websites often end in .gov or .mil. Before sharing sensitive information, make sure you’re on a federal government site."
US_FTC_NONMERGER_9710070,US,US_FTC,Federal Trade Commission Act,"Universal Music & Video Distribution Corp.and UMG Recordings, Inc.","Universal Music & Video Distribution Corp.and UMG Recordings, Inc.",manufacturing,"restraint of trade, collusion, deceptive practices, unfair practices",2025-06-17,2000-05-10,9600000,consent_order,1,FTC,https://www.ftc.gov/os/caselist/c3974.shtm,"An official website of the United States government Here’s how you know The .gov means it’s official.Federal government websites often end in .gov or .mil. Before sharing sensitive information, make sure you’re on a federal government site."
US_FTC_NONMERGER_9810124,US,US_FTC,Federal Trade Commission Act,"Texas Surgeons, P.A.; Austin Surgical Clinic Association, P.A.; Central Texas Surgical Associates, P.A.; Surgical Associates of Austin, P.A.; Austin Surgeons, P.L.L.C.; Bruce McDonald & Associates, P.L.L.C.; and Capital Surgeons Group, P.L.L.C","Texas Surgeons, P.A.; Austin Surgical Clinic Association, P.A.; Central Texas Surgical Associates, P.A.; Surgical Associates of Austin, P.A.; Austin Surgeons, P.L.L.C.; Bruce McDonald & Associates, P.L.L.C.; and Capital Surgeons Group, P.L.L.C",healthcare,"price fixing, deceptive practices, unfair practices",2025-06-17,2000-04-13,9600000,consent_order,1,FTC,https://www.ftc.gov/os/caselist/c3944.shtm,"An official website of the United States government Here’s how you know The .gov means it’s official.Federal government websites often end in .gov or .mil. Before sharing sensitive information, make sure you’re on a federal government site."
US_FTC_NONMERGER_9710038,US,US_FTC,Federal Trade Commission Act,Colegio de Cirujanos Dentistas de Puerto Rico,Colegio de Cirujanos Dentistas de Puerto Rico,healthcare,"price fixing, deceptive practices, unfair practices",2025-06-17,2000-03-21,9600000,consent_order,1,FTC,https://www.ftc.gov/os/caselist/c3953.shtm,"An official website of the United States government Here’s how you know The .gov means it’s official.Federal government websites often end in .gov or .mil. Before sharing sensitive information, make sure you’re on a federal government site."
US_FTC_NONMERGER_9810395,US,US_FTC,Federal Trade Commission Act,"Abbott Laboratories, In the Matter of",Abbott Laboratories,healthcare,"deceptive practices, unfair practices",2025-06-17,2000-03-16,9600000,consent_order,1,FTC,https://www.ftc.gov/os/caselist/c3945.shtm,"An official website of the United States government Here’s how you know The .gov means it’s official.Federal government websites often end in .gov or .mil. Before sharing sensitive information, make sure you’re on a federal government site."
US_FTC_NONMERGER_9810368,US,US_FTC,Federal Trade Commission Act,"Hoechst Marion Roussel, Inc.; Carderm Capital L.P.; and Andrx Corporation","Hoechst Marion Roussel, Inc.; Carderm Capital L.P.; and Andrx Corporation",healthcare,"deceptive practices, unfair practices",2000-11-28,2000-03-16,9600000,administrative_complaint,1,FTC,https://www.ftc.gov/os/caselist/d9293.shtm,"An official website of the United States government Here’s how you know The .gov means it’s official.Federal government websites often end in .gov or .mil. Before sharing sensitive information, make sure you’re on a federal government site."
US_FTC_NONMERGER_9610050,US,US_FTC,Federal Trade Commission Act,"McCormick & Company, Inc.","McCormick & Company, Inc.",manufacturing,"deceptive practices, unfair practices",2025-06-17,2000-03-08,9600000,consent_order,1,FTC,https://www.ftc.gov/os/caselist/c3939.shtm,"An official website of the United States government Here’s how you know The .gov means it’s official.Federal government websites often end in .gov or .mil. Before sharing sensitive information, make sure you’re on a federal government site."
US_FTC_NONMERGER_9710117,US,US_FTC,Federal Trade Commission Act,"Wisconsin Chiropractic Association, The, and Russell A. Leonard, In the Matter of","Wisconsin Chiropractic Association, The, and Russell A. Leonard",healthcare,"price fixing, deceptive practices, unfair practices",2025-06-17,2000-03-07,9600000,consent_order,1,FTC,https://www.ftc.gov/os/caselist/c3943.shtm,"An official website of the United States government Here’s how you know The .gov means it’s official.Federal government websites often end in .gov or .mil. Before sharing sensitive information, make sure you’re on a federal government site."
US_FTC_NONMERGER_9810386,US,US_FTC,Federal Trade Commission Act,Nine West Group Inc.,Nine West Group Inc.,manufacturing,"price fixing, deceptive practices, unfair practices",2008-05-06,2000-03-06,9600000,consent_order,1,FTC,https://www.ftc.gov/os/caselist/c3937.shtm,"An official website of the United States government Here’s how you know The .gov means it’s official.Federal government websites often end in .gov or .mil. Before sharing sensitive information, make sure you’re on a federal government site."
US_FTC_NONMERGER_9910038,US,US_FTC,Federal Trade Commission Act,California Pool Contractors,California Pool Contractors,manufacturing,"conspiracy, price fixing, deceptive practices, unfair practices",2025-06-17,1999-08-18,9600000,consent_order,1,FTC,https://www.ftc.gov/os/caselist/9910038.shtm,"An official website of the United States government Here’s how you know The .gov means it’s official.Federal government websites often end in .gov or .mil. Before sharing sensitive information, make sure you’re on a federal government site."
US_FTC_NONMERGER_9810261,US,US_FTC,Federal Trade Commission Act,"North Lake Tahoe Medical Group, Inc.","North Lake Tahoe Medical Group, Inc.",healthcare,"deceptive practices, unfair practices",2025-06-17,1999-03-22,9600000,consent_order,1,FTC,https://www.ftc.gov/os/caselist/c3885.shtm,"An official website of the United States government Here’s how you know The .gov means it’s official.Federal government websites often end in .gov or .mil. Before sharing sensitive information, make sure you’re on a federal government site."
US_FTC_NONMERGER_9810146,US,US_FTC,Federal Trade Commission Act,"Mylan Laboratories, Inc., Cambrex Corporation, Profarmaco S.R.I., and Gyma Laboratories of America, Inc.","Mylan Laboratories, Inc., Cambrex Corporation, Profarmaco S.R.I., and Gyma Laboratories of America, Inc.",healthcare,"monopoly, conspiracy, restraint of trade, price fixing, exclusive dealing, deceptive practices, unfair practices",1999-07-07,1999-02-08,9600000,permanent_injunction,1,FTC,https://www.ftc.gov/os/caselist/x990015ddc.shtm,"An official website of the United States government Here’s how you know The .gov means it’s official.Federal government websites often end in .gov or .mil. Before sharing sensitive information, make sure you’re on a federal government site."
US_FTC_NONMERGER_9410047,US,US_FTC,Federal Trade Commission Act,Columbia River Pilots,Columbia River Pilots,healthcare,"restraint of trade, exclusive dealing, deceptive practices, unfair practices",2025-06-17,1998-12-14,9600000,consent_order,1,FTC,https://www.ftc.gov/os/caselist/c3854.shtm,"An official website of the United States government Here’s how you know The .gov means it’s official.Federal government websites often end in .gov or .mil. Before sharing sensitive information, make sure you’re on a federal government site."
US_FTC_NONMERGER_9810153,US,US_FTC,Federal Trade Commission Act,"Asociacion de Farmacias Region de Arecibo, Inc., and Ricardo L.Alvarez Class, individually and as an officer of Associacion de Farmacias Region de Arecibo, Inc.","Asociacion de Farmacias Region de Arecibo, Inc., and Ricardo L.Alvarez Class, individually and as an officer of Associacion de Farmacias Region de Arecibo, Inc.",healthcare,"price fixing, deceptive practices, unfair practices",2025-06-17,1998-12-14,9600000,consent_order,1,FTC,https://www.ftc.gov/os/caselist/c3855.shtm,"An official website of the United States government Here’s how you know The .gov means it’s official.Federal government websites often end in .gov or .mil. Before sharing sensitive information, make sure you’re on a federal government site."
US_FTC_NONMERGER_9810154,US,US_FTC,Federal Trade Commission Act,"Dentists of Juana Diaz, Coamo, and Santa Isabel, Puerto Rico","Dentists of Juana Diaz, Coamo, and Santa Isabel, Puerto Rico",healthcare,"deceptive practices, unfair practices",2025-06-17,1998-09-16,9600000,consent_order,1,FTC,https://www.ftc.gov/os/caselist/9810154.shtm,"An official website of the United States government Here’s how you know The .gov means it’s official.Federal government websites often end in .gov or .mil. Before sharing sensitive information, make sure you’re on a federal government site."
US_FTC_NONMERGER_9710065,US,US_FTC,Federal Trade Commission Act,"Fair Allocation System, Inc.","Fair Allocation System, Inc.",transportation,"deceptive practices, unfair practices",2025-06-17,1998-08-05,9600000,consent_order,1,FTC,https://www.ftc.gov/os/caselist/c3832.shtm,"An official website of the United States government Here’s how you know The .gov means it’s official.Federal government websites often end in .gov or .mil. Before sharing sensitive information, make sure you’re on a federal government site."
US_FTC_NONMERGER_9710110,US,US_FTC,Federal Trade Commission Act,South Lake Tahoe Lodging Association,South Lake Tahoe Lodging Association,healthcare,"deceptive practices, unfair practices",2025-06-17,1998-07-20,9600000,consent_order,1,FTC,https://www.ftc.gov/os/caselist/c3830.shtm,"An official website of the United States government Here’s how you know The .gov means it’s official.Federal government websites often end in .gov or .mil. Before sharing sensitive information, make sure you’re on a federal government site."
US_FTC_NONMERGER_9410095,US,US_FTC,Federal Trade Commission Act,"M.D. Physicians of Southwest Louisiana, Inc.","M.D. Physicians of Southwest Louisiana, Inc.",healthcare,"deceptive practices, unfair practices",2025-06-17,1998-06-19,9600000,consent_order,1,FTC,https://www.ftc.gov/os/caselist/c3824.shtm,"An official website of the United States government Here’s how you know The .gov means it’s official.Federal government websites often end in .gov or .mil. Before sharing sensitive information, make sure you’re on a federal government site."
US_FTC_NONMERGER_9510028,US,US_FTC,Federal Trade Commission Act,"Intel Corporation, In the Matter of (1999)",Intel Corporation,technology,"monopoly, deceptive practices, unfair practices",1998-06-08,1998-07-13,9600000,administrative_complaint,1,FTC,https://www.ftc.gov/os/caselist/d9288.shtm,"An official website of the United States government Here’s how you know The .gov means it’s official.Federal government websites often end in .gov or .mil. Before sharing sensitive information, make sure you’re on a federal government site."
US_FTC_NONMERGER_9610005,US,US_FTC,Federal Trade Commission Act,"Institutional Pharmacy Network, Evergreen Pharmaceutical, Inc., et al., In the Matter of","Institutional Pharmacy Network, Evergreen Pharmaceutical, Inc., et al.",healthcare,"deceptive practices, unfair practices",2025-06-17,1998-05-21,9600000,consent_order,1,FTC,https://www.ftc.gov/os/caselist/c3822c2823.shtm,"An official website of the United States government Here’s how you know The .gov means it’s official.Federal government websites often end in .gov or .mil. Before sharing sensitive information, make sure you’re on a federal government site."
US_FTC_NONMERGER_9710039,US,US_FTC,Federal Trade Commission Act,"Fastline Publications, Inc., and Mid-America Equipment Retailers Association","Fastline Publications, Inc., and Mid-America Equipment Retailers Association",manufacturing,"deceptive practices, unfair practices",2025-06-17,1998-05-11,9600000,consent_order,1,FTC,https://www.ftc.gov/os/caselist/c3819.shtm,"An official website of the United States government Here’s how you know The .gov means it’s official.Federal government websites often end in .gov or .mil. Before sharing sensitive information, make sure you’re on a federal government site."
US_FTC_NONMERGER_9710004,US,US_FTC,Federal Trade Commission Act,"Associated Octel Company Limited, The, and Great Lakes Chemical Corporation","Associated Octel Company Limited, The, and Great Lakes Chemical Corporation",manufacturing,"deceptive practices, unfair practices",2025-06-17,1998-03-31,9600000,consent_order,1,FTC,https://www.ftc.gov/os/caselist/c3815.shtm,"An official website of the United States government Here’s how you know The .gov means it’s official.Federal government websites often end in .gov or .mil. Before sharing sensitive information, make sure you’re on a federal government site."
US_FTC_NONMERGER_9510029,US,US_FTC,Federal Trade Commission Act,"VISX, Inc.orporated","VISX, Inc.orporated",healthcare,"conspiracy, price fixing, deceptive practices, unfair practices",1999-06-04,1999-03-05,9600000,administrative_complaint,1,FTC,https://www.ftc.gov/os/caselist/d9286.shtm,"An official website of the United States government Here’s how you know The .gov means it’s official.Federal government websites often end in .gov or .mil. Before sharing sensitive information, make sure you’re on a federal government site."
US_FTC_NONMERGER_9510006,US,US_FTC,Federal Trade Commission Act,Stone Container Corporation,Stone Container Corporation,manufacturing,"deceptive practices, unfair practices",1998-06-03,1998-02-25,9600000,consent_order,1,FTC,https://www.ftc.gov/os/caselist/c3806.shtm,"An official website of the United States government Here’s how you know The .gov means it’s official.Federal government websites often end in .gov or .mil. Before sharing sensitive information, make sure you’re on a federal government site."
US_FTC_NONMERGER_9510083,US,US_FTC,Federal Trade Commission Act,"Sensormatic Electronics Corporation, In the Matter of",Sensormatic Electronics Corporation,technology,"deceptive practices, unfair practices",2025-06-17,1998-01-21,9600000,consent_order,1,FTC,https://www.ftc.gov/os/caselist/c3795.shtm,"An official website of the United States government Here’s how you know The .gov means it’s official.Federal government websites often end in .gov or .mil. Before sharing sensitive information, make sure you’re on a federal government site."
US_FTC_NONMERGER_9310028,US,US_FTC,Federal Trade Commission Act,"Urological Stone Surgeons, Inc.; Stone Centers of America, L.L.C.; Urological Services, Ltd.; Donald M. Norris, M.D.; and Marc A. Rubenstein, M.D","Urological Stone Surgeons, Inc.; Stone Centers of America, L.L.C.; Urological Services, Ltd.; Donald M. Norris, M.D.; and Marc A. Rubenstein, M.D",healthcare,"conspiracy, price fixing, deceptive practices, unfair practices",2025-06-17,1998-01-06,9600000,consent_order,1,FTC,https://www.ftc.gov/os/caselist/c3791.shtm,"An official website of the United States government Here’s how you know The .gov means it’s official.Federal government websites often end in .gov or .mil. Before sharing sensitive information, make sure you’re on a federal government site."
US_FTC_NONMERGER_9710011,US,US_FTC,Federal Trade Commission Act,"College of Physicians-Surgeons of Puerto Rico; Centralmed Inc.; Fajardo Group Practice, Inc.; and Norte Med, Inc.,FTC and The Commonwealth of Puerto Rico","College of Physicians-Surgeons of Puerto Rico; Centralmed Inc.; Fajardo Group Practice, Inc.; and Norte Med, Inc.,FTC and The Commonwealth of Puerto Rico",healthcare,"deceptive practices, unfair practices",2025-06-17,1997-10-02,9600000,permanent_injunction,1,FTC,https://www.ftc.gov/os/caselist/9710011.shtm,"An official website of the United States government Here’s how you know The .gov means it’s official.Federal government websites often end in .gov or .mil. Before sharing sensitive information, make sure you’re on a federal government site."
US_FTC_NONMERGER_9610027,US,US_FTC,Federal Trade Commission Act,"Mesa County Physicians Independent Practice Association, Inc.","Mesa County Physicians Independent Practice Association, Inc.",healthcare,"deceptive practices, unfair practices",1997-05-12,1997-05-13,9600000,administrative_complaint,1,FTC,https://www.ftc.gov/os/caselist/d9284.shtm,"An official website of the United States government Here’s how you know The .gov means it’s official.Federal government websites often end in .gov or .mil. Before sharing sensitive information, make sure you’re on a federal government site."
US_FTC_NONMERGER_9510106,US,US_FTC,Federal Trade Commission Act,American Cyanamid Company,American Cyanamid Company,manufacturing,"deceptive practices, unfair practices",2025-06-17,1997-01-30,9600000,consent_order,1,FTC,https://www.ftc.gov/os/caselist/c3739.shtm,"An official website of the United States government Here’s how you know The .gov means it’s official.Federal government websites often end in .gov or .mil. Before sharing sensitive information, make sure you’re on a federal government site."
US_FTC_NONMERGER_9110008,US,US_FTC,Federal Trade Commission Act,"Montana Associated Physicians, Inc., and Billings Physician Hospital Alliance, Inc.","Montana Associated Physicians, Inc., and Billings Physician Hospital Alliance, Inc.",healthcare,"deceptive practices, unfair practices",1996-10-23,1996-10-23,9600000,consent_order,1,FTC,https://www.ftc.gov/os/caselist/c3704.shtm,"An official website of the United States government Here’s how you know The .gov means it’s official.Federal government websites often end in .gov or .mil. Before sharing sensitive information, make sure you’re on a federal government site."
US_FTC_NONMERGER_9010061,US,US_FTC,Federal Trade Commission Act,"Waterous Company, Inc., a corporation","Waterous Company, Inc., a corporation",manufacturing,"deceptive practices, unfair practices",2025-06-17,1996-07-24,9600000,consent_order,1,FTC,https://www.ftc.gov/os/caselist/c3693.shtm,"An official website of the United States government Here’s how you know The .gov means it’s official.Federal government websites often end in .gov or .mil. Before sharing sensitive information, make sure you’re on a federal government site."
US_FTC_NONMERGER_9510124,US,US_FTC,Federal Trade Commission Act,"Precision Moulding Co., Inc.","Precision Moulding Co., Inc.",manufacturing,"deceptive practices, unfair practices",2025-06-17,1996-09-10,9600000,consent_order,1,FTC,https://www.ftc.gov/os/caselist/c3682.shtm,"An official website of the United States government Here’s how you know The .gov means it’s official.Federal government websites often end in .gov or .mil. Before sharing sensitive information, make sure you’re on a federal government site."
US_FTC_NONMERGER_9010061,US,US_FTC,Federal Trade Commission Act,"Waterous Company, Inc., a corporation","Waterous Company, Inc., a corporation",manufacturing,"deceptive practices, unfair practices",2025-06-17,1996-07-24,9600000,consent_order,1,FTC,https://www.ftc.gov/os/caselist/c3693.shtm,"An official website of the United States government Here’s how you know The .gov means it’s official.Federal government websites often end in .gov or .mil. Before sharing sensitive information, make sure you’re on a federal government site."
US_FTC_NONMERGER_9210050,US,US_FTC,Federal Trade Commission Act,"New Balance Athletic Shoe, Inc., In the Matter of","New Balance Athletic Shoe, Inc.",retail,"deceptive practices, unfair practices",1996-09-13,1996-09-06,9600000,consent_order,1,FTC,https://www.ftc.gov/os/caselist/newbalance.shtm,"An official website of the United States government Here’s how you know The .gov means it’s official.Federal government websites often end in .gov or .mil. Before sharing sensitive information, make sure you’re on a federal government site."
US_FTC_NONMERGER_9410040,US,US_FTC,Federal Trade Commission Act,"Toys R Us, Inc.","Toys R Us, Inc.",retail,"deceptive practices, unfair practices",2011-03-29,2011-03-29,9600000,administrative_complaint,1,FTC,https://www.ftc.gov/os/caselist/9410040/index.shtm,"An official website of the United States government Here’s how you know The .gov means it’s official.Federal government websites often end in .gov or .mil. Before sharing sensitive information, make sure you’re on a federal government site."
US_FTC_NONMERGER_9310097,US,US_FTC,Federal Trade Commission Act,Dell Computer Corporation,Dell Computer Corporation,technology,"deceptive practices, unfair practices",1995-11-02,1995-11-02,9600000,consent_order,1,FTC,https://www.ftc.gov/enforcement/cases-proceedings/931-0097/dell-computer-corporation,"An official website of the United States government Here’s how you know The .gov means it’s official.Federal government websites often end in .gov or .mil. Before sharing sensitive information, make sure you’re on a federal government site."
