Company,Fine_Amount,Date,Sector,Type,Country,Authority,Source_URL,PDF_URL
Post Office Limited,,2 December 2025,,Monetary penalties,United Kingdom,ICO,https://ico.org.uk/action-weve-taken/enforcement/2025/12/post-office-limited/,https://ico.org.uk/media2/sroaikut/post-office-limited-reprimand-20251202.pdf
Lead Pronto Ltd,,6 November 2025,Marketing,Monetary penalties,United Kingdom,ICO,https://ico.org.uk/action-weve-taken/enforcement/2025/11/lead-pronto-ltd-1/,https://ico.org.uk/media2/3gfdtyrg/monetary-penalty-notice-lead-pronto-ltd-20251106_redacted.pdf
Lead Pronto Ltd,,6 November 2025,Marketing,Monetary penalties,United Kingdom,ICO,https://ico.org.uk/action-weve-taken/enforcement/2025/11/lead-pronto-ltd/,https://ico.org.uk/media2/zkrmvoay/enforcement-notice-lead-pronto-ltd-20251106_redacted.pdf
Capita plc and Capita Pension Solutions Ltd,£14m,15 October 2025,,Monetary penalties,United Kingdom,ICO,https://ico.org.uk/action-weve-taken/enforcement/2025/10/capita-plc/,https://ico.org.uk/media2/pv5nhks4/capita-plc-and-cpsl-monetary-penalty-notice.pdf
South Wales Police,,9 October 2025,Criminal justice,Monetary penalties,United Kingdom,ICO,https://ico.org.uk/action-weve-taken/enforcement/2025/10/south-wales-police/,https://ico.org.uk/media2/a35krto1/south-wales-police-enforcement-notice.pdf
Qonain Hussain,"£1,500 ",8 October 2025,,Monetary penalties,United Kingdom,ICO,https://ico.org.uk/action-weve-taken/enforcement/2025/10/qonain-hussain/,
Bharat Singh Chand,"£200,000 ",16 September 2025,,Monetary penalties,United Kingdom,ICO,https://ico.org.uk/action-weve-taken/enforcement/2025/09/bharat-singh-chand-1/,https://ico.org.uk/media2/35jfcqk0/mpn-bharat-singh-chand.pdf
Bharat Singh Chand,"£200,000 ",16 September 2025,,Monetary penalties,United Kingdom,ICO,https://ico.org.uk/action-weve-taken/enforcement/2025/09/bharat-singh-chand/,https://ico.org.uk/media2/11rbscjs/en-bharat-singh-chand.pdf
Jason Blake,"£1,100 ",3 September 2025,Health,Monetary penalties,United Kingdom,ICO,https://ico.org.uk/action-weve-taken/enforcement/2025/09/jason-blake/,
Green Spark Energy Ltd,,28 August 2025,Utilities,Monetary penalties,United Kingdom,ICO,https://ico.org.uk/action-weve-taken/enforcement/2025/09/green-spark-energy-ltd-monetary-penalty-notice/,https://ico.org.uk/media2/xackijnf/green-spark-energy-ltd-monetary-penalty-notice.pdf
Green Spark Energy Ltd,,28 August 2025,Utilities,Monetary penalties,United Kingdom,ICO,https://ico.org.uk/action-weve-taken/enforcement/2025/09/green-spark-energy-ltd-enforcement-notice/,https://ico.org.uk/media2/cgbl0i41/green-spark-energy-ltd-enforcement-notice.pdf
Home Improvement Marketing Ltd,,28 August 2025,Utilities,Monetary penalties,United Kingdom,ICO,https://ico.org.uk/action-weve-taken/enforcement/2025/09/home-improvement-marketing-ltd-monetary-penalty-notice/,https://ico.org.uk/media2/m5xnbu1m/home-improvement-marketing-ltd-monetary-penalty-notice.pdf
Home Improvement Marketing Ltd,,28 August 2025,Utilities,Monetary penalties,United Kingdom,ICO,https://ico.org.uk/action-weve-taken/enforcement/2025/09/home-improvement-marketing-ltd-enforcement-notice/,https://ico.org.uk/media2/zcye1jqq/home-improvement-marketing-ltd-enforcement-notice.pdf
Bristol City Council,,27 August 2025,Local government,Monetary penalties,United Kingdom,ICO,https://ico.org.uk/action-weve-taken/enforcement/2025/09/bristol-city-council/,https://ico.org.uk/media2/tacptiie/bristol-city-council-enforcement-notice.pdf
Birthlink,"£18,000 ",24 June 2025,Charitable and voluntary,Monetary penalties,United Kingdom,ICO,https://ico.org.uk/action-weve-taken/enforcement/2025/06/birthlink/,https://ico.org.uk/media2/bvljtpy2/birthlink-mpn.pdf
South Yorkshire Police,,6 June 2025,Criminal justice,Monetary penalties,United Kingdom,ICO,https://ico.org.uk/action-weve-taken/enforcement/2025/08/south-yorkshire-police/,https://ico.org.uk/media2/fpziwrn0/reprimand-south-yorkshire-police.pdf
23andMe,"£2,310,000 ",5 June 2025,General business,Monetary penalties,United Kingdom,ICO,https://ico.org.uk/action-weve-taken/enforcement/2025/06/23andme/,https://ico.org.uk/media2/kclbljpo/23andme-penalty-notice.pdf
London Borough of Hammersmith and Fulham,,16 May 2025,Local government,Monetary penalties,United Kingdom,ICO,https://ico.org.uk/action-weve-taken/enforcement/2025/05/london-borough-of-hammersmith-and-fulham/,https://ico.org.uk/media2/fjojafbq/london-borough-of-hammersmith-and-fulham-reprimand.pdf
Greater Manchester Police,,15 May 2025,Criminal justice,Monetary penalties,United Kingdom,ICO,https://ico.org.uk/action-weve-taken/enforcement/2025/06/greater-manchester-police/,https://ico.org.uk/media2/qblbghsj/gmp-rerimand.pdf
Darian Bishop trading as ECO4U,,24 April 2025,General business,Monetary penalties,United Kingdom,ICO,https://ico.org.uk/action-weve-taken/enforcement/2025/05/darian-bishop-trading-as-eco4u-en/,https://ico.org.uk/media2/ia3brj24/darian-bishop-trading-as-eco4u-enforcement-notice.pdf
Darian Bishop trading as ECO4U,,24 April 2025,General business,Monetary penalties,United Kingdom,ICO,https://ico.org.uk/action-weve-taken/enforcement/2025/05/darian-bishop-trading-as-eco4u-mpn/,https://ico.org.uk/media2/0nqjdz1r/darian-bishop-monetary-penalty-notice.pdf
DPP Law Ltd,"£60,000 ",14 April 2025,General business,Monetary penalties,United Kingdom,ICO,https://ico.org.uk/action-weve-taken/enforcement/2025/04/dpp-law-ltd/,https://ico.org.uk/media2/pr4bg5hq/dpp-law-ltd-monetary-penalty-notice.pdf
AFK Letters Co Ltd,"£90,000 ",27 March 2025,General business,Monetary penalties,United Kingdom,ICO,https://ico.org.uk/action-weve-taken/enforcement/2025/04/afk-letters-co-ltd-mpn/,https://ico.org.uk/media2/sqmnjxcs/afk-letters-co-ltd-monetary-penalty-notice.pdf
AFK Letters Co Ltd,"£90,000 ",27 March 2025,,Monetary penalties,United Kingdom,ICO,https://ico.org.uk/action-weve-taken/enforcement/2025/04/afk-letters-co-ltd-en/,https://ico.org.uk/media2/rfzeiigg/afk-letter-co-ltd-enforcement-notice.pdf
Advanced Computer Software Group Limited,£3.07m,26 March 2025,General business,Monetary penalties,United Kingdom,ICO,https://ico.org.uk/action-weve-taken/enforcement/2025/03/advanced-computer-software-group-limited/,https://ico.org.uk/media2/gdlfddgc/advanced-penalty-notice-20250327.pdf
Greater Manchester Police,,14 March 2025,Criminal justice,Monetary penalties,United Kingdom,ICO,https://ico.org.uk/action-weve-taken/enforcement/2025/05/greater-manchester-police/,https://ico.org.uk/media2/pzelb0nv/gmp-reprimand.pdf
Smart Home Ensured Limited,,19 February 2025,Finance insurance and credit,Monetary penalties,United Kingdom,ICO,https://ico.org.uk/action-weve-taken/enforcement/2025/02/smart-home-ensured-limited/,https://ico.org.uk/media2/0u3jr2dx/smart-home-ensured-limited.pdf
Glasgow City Council,,4 February 2025,Local government,Monetary penalties,United Kingdom,ICO,https://ico.org.uk/action-weve-taken/enforcement/2025/02/glasgow-city-council/,https://ico.org.uk/media2/u4teroz1/glasgow-city-council-reprimand.pdf
City of Edinburgh Council,,3 February 2025,Local government,Monetary penalties,United Kingdom,ICO,https://ico.org.uk/action-weve-taken/enforcement/2025/02/city-of-edinburgh-council/,https://ico.org.uk/media2/10kcnrji/cec-reprimand.pdf
United Lincolnshire Teaching Hospitals NHS Trust,,31 December 2024,Health,Monetary penalties,United Kingdom,ICO,https://ico.org.uk/action-weve-taken/enforcement/2024/12/united-lincolnshire-teaching-hospitals-nhs-trust/,https://ico.org.uk/media2/qiqj4s2h/20241213-united-lincs-hospital-nhs-trust-reprimand.pdf
Money Bubble Ltd EN,"£120,000 ",31 December 2024,General business,Monetary penalties,United Kingdom,ICO,https://ico.org.uk/action-weve-taken/enforcement/2024/12/money-bubble-ltd-en/,https://ico.org.uk/media2/gmoa141e/money-bubble-ltd-en-202412.pdf
Money Bubble Ltd MPN,"£120,000 ",31 December 2024,General business,Monetary penalties,United Kingdom,ICO,https://ico.org.uk/action-weve-taken/enforcement/2024/12/money-bubble-ltd-mpn/,https://ico.org.uk/media2/y50iczr3/bubble-limited-mpn-20241205.pdf
Breathe Services Ltd,£290,31 December 2024,,Monetary penalties,United Kingdom,ICO,https://ico.org.uk/action-weve-taken/enforcement/2024/12/breathe-services-ltd-en/,https://ico.org.uk/media2/4ducii5l/breathe-services-en-202412.pdf
Breathe Services Ltd,£290,31 December 2024,,Monetary penalties,United Kingdom,ICO,https://ico.org.uk/action-weve-taken/enforcement/2024/12/breathe-services-ltd-mpn/,https://ico.org.uk/media2/omsatkna/breathe-services-mpn-202412.pdf
Rizwan Manjra,,12 December 2024,,Monetary penalties,United Kingdom,ICO,https://ico.org.uk/action-weve-taken/enforcement/2025/02/rizwan-manjra/,
ESL Consultancy Services Ltd,"£200,000 ",5 December 2024,Finance insurance and credit,Monetary penalties,United Kingdom,ICO,https://ico.org.uk/action-weve-taken/enforcement/2025/01/esl-consultancy-services-ltd-mpn/,https://ico.org.uk/media2/jdlpruzt/esl-consultancy-mpn-202501.pdf
ESL Consultancy Services Ltd,"£200,000 ",5 December 2024,Finance insurance and credit,Monetary penalties,United Kingdom,ICO,https://ico.org.uk/action-weve-taken/enforcement/2025/01/esl-consultancy-services-ltd-en/,https://ico.org.uk/media2/mdhikxq5/esl-consultancy-en-202501.pdf
Quick Tax Claims Limited,"£120,000 ",31 December 2024,,Monetary penalties,United Kingdom,ICO,https://ico.org.uk/action-weve-taken/enforcement/2024/10/quick-tax-claims-limited-en/,https://ico.org.uk/media2/xdkdjeoz/quick-tax-claims-en-20240926.pdf
Quick Tax Claims Limited,"£120,000 ",31 December 2024,,Monetary penalties,United Kingdom,ICO,https://ico.org.uk/action-weve-taken/enforcement/2024/10/quick-tax-claims-limited-mpn/,https://ico.org.uk/media2/migrated/4031368/monetary-penalty-notice-quick-tax-claims-limited.pdf
National Debt Advice Limited,"£30,000 ",31 December 2024,Finance insurance and credit,Monetary penalties,United Kingdom,ICO,https://ico.org.uk/action-weve-taken/enforcement/2024/10/national-debt-advice-limited-en/,https://ico.org.uk/media2/ydvkeuzi/national-debt-advice-ltd-en-20240919.pdf
National Debt Advice Limited,"£30,000 ",31 December 2024,Finance insurance and credit,Monetary penalties,United Kingdom,ICO,https://ico.org.uk/action-weve-taken/enforcement/2024/10/national-debt-advice-limited-mpn/,https://ico.org.uk/media2/njnf3ziu/national-debt-advice-ltd-mpn-20240919.pdf
Southend-on-Sea City Council,,31 December 2024,Local government,Monetary penalties,United Kingdom,ICO,https://ico.org.uk/action-weve-taken/enforcement/2024/10/southend-on-sea-city-council/,https://ico.org.uk/media2/izplf0pu/southend-on-sea-city-council-reprimand.pdf
WerepairUK Ltd,"£80,000 ",31 December 2024,Marketing,Monetary penalties,United Kingdom,ICO,https://ico.org.uk/action-weve-taken/enforcement/2024/10/werepairuk-ltd-enforcement-notice/,https://ico.org.uk/media2/migrated/4031278/werepairuk-ltd-en.pdf
WerepairUK Ltd,"£80,000 ",31 December 2024,Marketing,Monetary penalties,United Kingdom,ICO,https://ico.org.uk/action-weve-taken/enforcement/2024/10/werepairuk-ltd-mpn/,https://ico.org.uk/media2/migrated/4031277/werepairuk-ltd-mpn.pdf
Service Box Group Limited,"£40,000 ",31 December 2024,Marketing,Monetary penalties,United Kingdom,ICO,https://ico.org.uk/action-weve-taken/enforcement/2024/10/service-box-group-limited-mpn/,https://ico.org.uk/media2/migrated/4031276/service-box-repair-mpn.pdf
Service Box Group Limited,"£40,000 ",31 December 2024,,Monetary penalties,United Kingdom,ICO,https://ico.org.uk/action-weve-taken/enforcement/2024/10/service-box-group-limited-en/,https://ico.org.uk/media2/migrated/4031279/service-box-repair-en.pdf
Debbie Okparavero and Maliha Islam,,9 October 2024,,Monetary penalties,United Kingdom,ICO,https://ico.org.uk/action-weve-taken/enforcement/2025/02/debbie-okparavero-and-maliha-islam/,
Police Service of Northern Ireland,"£750,000 ",31 December 2024,Criminal justice,Monetary penalties,United Kingdom,ICO,https://ico.org.uk/action-weve-taken/enforcement/2024/10/police-service-of-northern-ireland-mpn/,https://ico.org.uk/media2/migrated/4031177/psni-penalty-notice.pdf
Bonne Terre Limited t/a Sky Betting and Gaming,,31 December 2024,Online technology and telecoms,Monetary penalties,United Kingdom,ICO,https://ico.org.uk/action-weve-taken/enforcement/2024/09/bonne-terre-limited/,https://ico.org.uk/media2/i15p1czl/bonne-terre-limited-reprimand.pdf
The Labour Party,,31 December 2024,Political,Monetary penalties,United Kingdom,ICO,https://ico.org.uk/action-weve-taken/enforcement/2024/08/the-labour-party/,https://ico.org.uk/media2/xtxl5age/labour-party-reprimand-20240820.pdf
Coastal Windows & Conservatories (UK) Limited,,31 December 2024,Retail and manufacture,Monetary penalties,United Kingdom,ICO,https://ico.org.uk/action-weve-taken/enforcement/2024/08/coastal-windows-conservatories-uk-limited-mpn/,https://ico.org.uk/media2/0n3prnpe/20240815-coastal-windows-monetary-penalty-notice_redacted.pdf
Coastal Windows & Conservatories (UK) Limited,,31 December 2024,Retail and manufacture,Monetary penalties,United Kingdom,ICO,https://ico.org.uk/action-weve-taken/enforcement/2024/08/coastal-windows-conservatories-uk-limited/,https://ico.org.uk/media2/qmvhgj0f/20240815-coastal-windows-enforcement-notice_redacted.pdf
Chelmer Valley High School,,31 December 2024,Education and childcare,Monetary penalties,United Kingdom,ICO,https://ico.org.uk/action-weve-taken/enforcement/2024/07/chelmer-valley-high-school/,https://ico.org.uk/media2/migrated/4030350/20240702-cvhs-reprimand.pdf
London Borough of Hackney,,31 December 2024,Local government,Monetary penalties,United Kingdom,ICO,https://ico.org.uk/action-weve-taken/enforcement/2024/07/london-borough-of-hackney-1/,https://ico.org.uk/media2/migrated/4030344/20240705-lboh-updated-reprimand-with-redactions-1.pdf
Levales Solicitors LLP,,31 December 2024,Legal,Monetary penalties,United Kingdom,ICO,https://ico.org.uk/action-weve-taken/enforcement/2024/06/levales-solicitors-llp/,https://ico.org.uk/media2/k4mlpkrm/levales-reprimand.pdf
The Electoral Commission,,31 December 2024,Central government,Monetary penalties,United Kingdom,ICO,https://ico.org.uk/action-weve-taken/enforcement/2024/05/the-electoral-commission/,https://ico.org.uk/media2/migrated/4030454/the-electoral-commission-reprimand.pdf
Clyde Valley Housing Association,,31 December 2024,Land or property services,Monetary penalties,United Kingdom,ICO,https://ico.org.uk/action-weve-taken/enforcement/2024/04/clyde-valley-housing-association/,https://ico.org.uk/media2/migrated/4029231/reprimand-final-april-2024-amendments-v02_redacted.pdf
University Hospital of Southampton NHS Foundation Trust,,31 December 2024,Health,Monetary penalties,United Kingdom,ICO,https://ico.org.uk/action-weve-taken/enforcement/2024/04/university-hospital-of-southampton-nhs-foundation-trust/,https://ico.org.uk/media2/migrated/4029018/uhs-reprimand.pdf
Home Office,,31 December 2024,Central government,Monetary penalties,United Kingdom,ICO,https://ico.org.uk/action-weve-taken/enforcement/2024/03/home-office/,https://ico.org.uk/media2/m4nbnuz1/ho-migrant-tagging-20240228-en.pdf
Birmingham Children's Trust Community Interest Company,,31 December 2024,,Monetary penalties,United Kingdom,ICO,https://ico.org.uk/action-weve-taken/enforcement/2024/05/birmingham-childrens-trust-community-interest-company/,https://ico.org.uk/media2/migrated/4029573/bctcic.pdf
Dover Harbour Board,,31 December 2024,Criminal justice,Monetary penalties,United Kingdom,ICO,https://ico.org.uk/action-weve-taken/enforcement/2024/03/dover-harbour-board/,https://ico.org.uk/media2/migrated/4028825/20240305-dover-harbour-board-reprimand.pdf
Chief Constable of Kent Police,,31 December 2024,Criminal justice,Monetary penalties,United Kingdom,ICO,https://ico.org.uk/action-weve-taken/enforcement/2024/03/chief-constable-of-kent-police-1/,https://ico.org.uk/media2/to3fl4y3/20240305-kent-police-reprimand.pdf
Mayor’s Office for Policing and Crime (MOPAC),,31 December 2024,Local government,Monetary penalties,United Kingdom,ICO,https://ico.org.uk/action-weve-taken/enforcement/2024/03/mayor-s-office-for-policing-and-crime-mopac/,https://ico.org.uk/media2/migrated/4028816/mopac-final-reprimand.pdf
Pinnacle Life Limited,"£80,000 ",31 December 2024,Finance insurance and credit,Monetary penalties,United Kingdom,ICO,https://ico.org.uk/action-weve-taken/enforcement/2024/03/pinnacle-life-limited-en/,https://ico.org.uk/media2/migrated/4028706/pinnacle-life-en-20240215.pdf
Pinnacle Life Limited,"£80,000 ",31 December 2024,Finance insurance and credit,Monetary penalties,United Kingdom,ICO,https://ico.org.uk/action-weve-taken/enforcement/2024/03/pinnacle-life-limited-mpn/,https://ico.org.uk/media2/migrated/4028705/pinnacle-life-mpn-20240215.pdf
The Central Young Men’s Christian Association,"£7,500 ",31 December 2024,Charitable and voluntary,Monetary penalties,United Kingdom,ICO,https://ico.org.uk/action-weve-taken/enforcement/2024/04/the-central-young-men-s-christian-association-mpn/,https://ico.org.uk/media2/migrated/4029420/central-ymca-monetary-penalty-notice.pdf
The Central Young Men’s Christian Association,"£7,500 ",31 December 2024,Charitable and voluntary,Monetary penalties,United Kingdom,ICO,https://ico.org.uk/action-weve-taken/enforcement/2024/04/the-central-young-men-s-christian-association-reprimand/,https://ico.org.uk/media2/migrated/4029419/central-ymca-reprimand.pdf
Penny Appeal,,31 December 2024,,Monetary penalties,United Kingdom,ICO,https://ico.org.uk/action-weve-taken/enforcement/2024/03/penny-appeal/,https://ico.org.uk/media2/migrated/4029272/penny-appeal-enforcement-notice.pdf
Chief Constable West Midlands Police,,31 December 2024,Criminal justice,Monetary penalties,United Kingdom,ICO,https://ico.org.uk/action-weve-taken/enforcement/2024/03/chief-constable-west-midlands-police/,https://ico.org.uk/media2/migrated/4028638/20240226-wmp-final-reprimand.pdf
Ministry of Defence,"£350,000",31 December 2024,Central government,Monetary penalties,United Kingdom,ICO,https://ico.org.uk/action-weve-taken/enforcement/2024/02/ministry-of-defence-1/,https://ico.org.uk/media2/migrated/4028623/ministry-of-defence-monetary-penalty-notice.pdf
Serco Leisure Operating Limited and relevant associated Trusts,,31 December 2024,Transport and leisure,Monetary penalties,United Kingdom,ICO,https://ico.org.uk/action-weve-taken/enforcement/2024/02/serco-leisure-operating-limited-and-relevant-associated-trusts/,https://ico.org.uk/media2/woalogoc/20240219-serco-leisure-operating-limited-en.pdf
Dr Telemarketing,,31 December 2024,,Monetary penalties,United Kingdom,ICO,https://ico.org.uk/action-weve-taken/enforcement/2024/04/dr-telemarketing-monetary-penalty-notice/,https://ico.org.uk/media2/migrated/4029275/dr-telemarketing-monetary-penalty-notice.pdf
Dr Telemarketing,,31 December 2024,,Monetary penalties,United Kingdom,ICO,https://ico.org.uk/action-weve-taken/enforcement/2024/04/dr-telemarketing-enforcement-notice/,https://ico.org.uk/media2/migrated/4029277/dr-telemarketing-enforcement-notice.pdf
Chief Constable Devon and Cornwall Police,,31 December 2024,Criminal justice,Monetary penalties,United Kingdom,ICO,https://ico.org.uk/action-weve-taken/enforcement/2024/02/chief-constable-devon-and-cornwall-police/,https://ico.org.uk/media2/migrated/4028177/devon-and-cornwall-police-final-reprimand.pdf
Chief Constable Dorset Police,,31 December 2024,Criminal justice,Monetary penalties,United Kingdom,ICO,https://ico.org.uk/action-weve-taken/enforcement/2024/02/chief-constable-dorset-police/,https://ico.org.uk/media2/migrated/4028176/dorset-police-final-reprimand.pdf
L.A.D.H Limited,"£50,000 ",31 December 2024,Finance insurance and credit,Monetary penalties,United Kingdom,ICO,https://ico.org.uk/action-weve-taken/enforcement/2024/01/ladh-limited-en/,https://ico.org.uk/media2/migrated/4028049/lad-h-limited-en.pdf
L.A.D.H Limited,"£50,000 ",31 December 2024,Finance insurance and credit,Monetary penalties,United Kingdom,ICO,https://ico.org.uk/action-weve-taken/enforcement/2024/01/ladh-limited-mpn/,https://ico.org.uk/media2/bhjiglrt/lad-h-limited-mpn.pdf
Crown Prosecution Service,,31 December 2024,Criminal justice,Monetary penalties,United Kingdom,ICO,https://ico.org.uk/action-weve-taken/enforcement/2024/01/crown-prosecution-service-1/,https://ico.org.uk/media2/rr5dnmaj/cps-enforcement-notice-redacted.pdf
Poxell Ltd,"£250,000 ",31 December 2024,,Monetary penalties,United Kingdom,ICO,https://ico.org.uk/action-weve-taken/enforcement/2024/01/poxell-ltd-en/,https://ico.org.uk/media2/wgiduiqt/poxell-ltd-enforcement-notice.pdf
Poxell Ltd,"£250,000 ",31 December 2024,,Monetary penalties,United Kingdom,ICO,https://ico.org.uk/action-weve-taken/enforcement/2024/01/poxell-ltd-mpn/,https://ico.org.uk/media2/migrated/4028041/poxell-ltd-mpn.pdf
Skean Homes Ltd,,31 December 2024,,Monetary penalties,United Kingdom,ICO,https://ico.org.uk/action-weve-taken/enforcement/2024/01/skean-homes-ltd-mpn/,https://ico.org.uk/media2/migrated/4027979/skean-homes-ltd-monetary-penalty-notice.pdf
Skean Homes Ltd,,31 December 2024,,Monetary penalties,United Kingdom,ICO,https://ico.org.uk/action-weve-taken/enforcement/2024/01/skean-homes-ltd-en/,https://ico.org.uk/media2/os0fum0x/skean-homes-ltd-enforcement-notice.pdf
Grocery Delivery E-Services UK Ltd t/a HelloFresh,"£140,000 ",31 December 2024,Retail and manufacture,Monetary penalties,United Kingdom,ICO,https://ico.org.uk/action-weve-taken/enforcement/2024/01/grocery-delivery-e-services-uk-ltd-ta-hellofresh/,https://ico.org.uk/media2/djwoypuh/hello-fresh-mpn-20240110.pdf
South Tees Hospitals NHS Trust,,31 December 2024,Health,Monetary penalties,United Kingdom,ICO,https://ico.org.uk/action-weve-taken/enforcement/2023/12/south-tees-hospitals-nhs-trust/,https://ico.org.uk/media2/migrated/4028116/south-tees-hospitals-nhs-trust-reprimand.pdf
Finham Park Multi Academy Trust,,31 December 2024,Education and childcare,Monetary penalties,United Kingdom,ICO,https://ico.org.uk/action-weve-taken/enforcement/2023/12/finham-park-multi-academy-trust/,https://ico.org.uk/media2/migrated/4027664/reprimand-finham-park-multi-academy-trust.pdf
Daniel George Bentley and Taipan Trading Ltd,,31 December 2024,Marketing,Monetary penalties,United Kingdom,ICO,https://ico.org.uk/action-weve-taken/enforcement/2023/12/daniel-george-bentley-and-taipan-trading-ltd/,https://ico.org.uk/media2/migrated/4027722/r-daniel-george-bentley-signed-en.pdf
Bank of Ireland,,31 December 2024,Finance insurance and credit,Monetary penalties,United Kingdom,ICO,https://ico.org.uk/action-weve-taken/enforcement/2023/11/bank-of-ireland/,https://ico.org.uk/media2/migrated/4027663/boi-reprimand.pdf
Charnwood Borough Council,,31 December 2024,Local government,Monetary penalties,United Kingdom,ICO,https://ico.org.uk/action-weve-taken/enforcement/2023/11/charnwood-borough-council/,https://ico.org.uk/media2/migrated/4027559/charnwood-bc-reprimand.pdf
NHS Fife,,31 December 2024,Health,Monetary penalties,United Kingdom,ICO,https://ico.org.uk/action-weve-taken/enforcement/2023/11/nhs-fife/,https://ico.org.uk/media2/migrated/4027543/final-reprimand-nhs-fife.pdf
Intelling Ltd,,31 December 2024,Online technology and telecoms,Monetary penalties,United Kingdom,ICO,https://ico.org.uk/action-weve-taken/enforcement/2023/11/intelling-ltd/,https://ico.org.uk/media2/d1ppfaiz/intelling-mpn.pdf
GRS (Roadstone) Limited,,31 December 2024,General business,Monetary penalties,United Kingdom,ICO,https://ico.org.uk/action-weve-taken/enforcement/2023/11/grs-roadstone-limited/,https://ico.org.uk/media2/migrated/4027486/2grs-0231114-reprimand.pdf
Complete Marketing Services Ltd,,31 December 2024,,Monetary penalties,United Kingdom,ICO,https://ico.org.uk/action-weve-taken/enforcement/2023/11/complete-marketing-services-ltd-mpn/,https://ico.org.uk/media2/gt2mpkti/complete-marketing-services-ltd-monetary-penalty-notice-9-november-2023.pdf
Complete Marketing Services Ltd,,31 December 2024,Marketing,Monetary penalties,United Kingdom,ICO,https://ico.org.uk/action-weve-taken/enforcement/2023/11/complete-marketing-services-ltd-en/,https://ico.org.uk/media2/dmsdmw30/complete-marketing-services-ltd-enforcement-notice-9-november-2023.pdf
DPG Professional Services Ltd,,31 December 2024,Finance insurance and credit,Monetary penalties,United Kingdom,ICO,https://ico.org.uk/action-weve-taken/enforcement/2023/11/dpg-professional-services-ltd-mpn/,https://ico.org.uk/media2/of1ffxd3/dpg-professional-services-ltd-monetary-penalty-notice-9-november-2023.pdf
DPG Professional Services Ltd,,31 December 2024,Finance insurance and credit,Monetary penalties,United Kingdom,ICO,https://ico.org.uk/action-weve-taken/enforcement/2023/11/dpg-professional-services-ltd-en/,https://ico.org.uk/media2/l41gno2p/dpg-professional-services-ltd-enforcement-notice-9-november-2023.pdf
University Hospital of Derby and Burton NHS Trust (UHDB),,31 December 2024,Health,Monetary penalties,United Kingdom,ICO,https://ico.org.uk/action-weve-taken/enforcement/2023/10/university-hospital-of-derby-and-burton-nhs-trust-uhdb/,https://ico.org.uk/media2/migrated/4027167/reprimand-for-univeristy-hospitals-of-derby-and-burton.pdf
Police Service of Northern Ireland (PSNI),,31 December 2024,Criminal justice,Monetary penalties,United Kingdom,ICO,https://ico.org.uk/action-weve-taken/enforcement/2023/10/police-service-of-northern-ireland-psni/,https://ico.org.uk/media2/migrated/4027163/reprimand-psni.pdf
Argentum Data Solutions Ltd,"£170,000 ",31 December 2024,General business,Monetary penalties,United Kingdom,ICO,https://ico.org.uk/action-weve-taken/enforcement/2023/10/argentum-data-solutions-ltd-mpn/,https://ico.org.uk/media2/bsaayjka/argentum-data-solutions-mpn-20231026.pdf
Argentum Data Solutions Ltd,"£170,000 ",31 December 2024,General business,Monetary penalties,United Kingdom,ICO,https://ico.org.uk/action-weve-taken/enforcement/2023/10/argentum-data-solutions-ltd-en/,https://ico.org.uk/media2/tdbhbqs2/argentum-data-solutions-en-20231026.pdf
Outsource Strategies Ltd,"£340,000 ",31 December 2024,Marketing,Monetary penalties,United Kingdom,ICO,https://ico.org.uk/action-weve-taken/enforcement/2024/04/outsource-strategies-ltd-en/,https://ico.org.uk/media2/migrated/4029276/outsource-strategies-ltd-en.pdf
Outsource Strategies Ltd,,31 December 2024,,Monetary penalties,United Kingdom,ICO,https://ico.org.uk/action-weve-taken/enforcement/2024/04/outsource-strategies-ltd-mpn/,https://ico.org.uk/media2/bxwfqzkp/outsource-strategies-ltd-mpn.pdf
Gap Personnel Holdings Limited,,31 December 2024,General business,Monetary penalties,United Kingdom,ICO,https://ico.org.uk/action-weve-taken/enforcement/2023/10/gap-personnel-holdings-limited/,https://ico.org.uk/media2/35scoxof/20231018-redacted-reprimand.pdf
Optionis Group Limited,,31 December 2024,Finance insurance and credit,Monetary penalties,United Kingdom,ICO,https://ico.org.uk/action-weve-taken/enforcement/2023/10/optionis-group-limited/,https://ico.org.uk/media2/lntf5yit/20231010-inv01202022-reprimand-optionis-group-limited.pdf
Chief Constable West Mercia Police and Chief Constable Warwickshire Police,,31 December 2024,Criminal justice,Monetary penalties,United Kingdom,ICO,https://ico.org.uk/action-weve-taken/enforcement/2023/10/chief-constable-west-mercia-police-and-chief-constable-warwickshire-police/,https://ico.org.uk/media2/migrated/4027482/20231006-west-mercia-police-reprimand-final-redacted.pdf
Digivo Media Limited,"£170,000 ",31 December 2024,Finance insurance and credit,Monetary penalties,United Kingdom,ICO,https://ico.org.uk/action-weve-taken/enforcement/2023/10/digivo-media-limited-mpn/,https://ico.org.uk/media2/migrated/4027237/digivo-media-ltd-mpn-20231003.pdf
Digivo Media Limited,"£170,000 ",31 December 2024,Finance insurance and credit,Monetary penalties,United Kingdom,ICO,https://ico.org.uk/action-weve-taken/enforcement/2023/10/digivo-media-limited-en/,https://ico.org.uk/media2/migrated/4027236/digivo-media-ltd-en-20231003.pdf
MCP Online Ltd,"£170,000 ",31 December 2024,Finance insurance and credit,Monetary penalties,United Kingdom,ICO,https://ico.org.uk/action-weve-taken/enforcement/2023/09/mcp-online-ltd-mpn/,https://ico.org.uk/media2/migrated/4027239/mcp-online-ltd-mpn-20230928.pdf
MCP Online Ltd,"£170,000 ",31 December 2024,Finance insurance and credit,Monetary penalties,United Kingdom,ICO,https://ico.org.uk/action-weve-taken/enforcement/2023/09/mcp-online-ltd-en/,https://ico.org.uk/media2/migrated/4027238/mcp-online-ltd-en-20230928.pdf
Nottinghamshire County Council,,31 December 2024,Local government,Monetary penalties,United Kingdom,ICO,https://ico.org.uk/action-weve-taken/enforcement/2023/09/nottinghamshire-county-council-reprimand/,https://ico.org.uk/media2/migrated/4026605/nottinghamshire-county-council.pdf
RHAP Ltd,"£65,000 ",31 December 2024,Marketing,Monetary penalties,United Kingdom,ICO,https://ico.org.uk/action-weve-taken/enforcement/2023/09/rhap-ltd-en/,https://ico.org.uk/media2/migrated/4026572/rhap-limited-en.pdf
RHAP Ltd,"£65,000 ",31 December 2024,Marketing,Monetary penalties,United Kingdom,ICO,https://ico.org.uk/action-weve-taken/enforcement/2023/09/rhap-ltd-mpn/,https://ico.org.uk/media2/ceyhvli4/rhap-limited-mpn.pdf
House Hold Appliances 247 Ltd,"£55,000 ",31 December 2024,Marketing,Monetary penalties,United Kingdom,ICO,https://ico.org.uk/action-weve-taken/enforcement/2023/09/house-hold-appliances-247-ltd-en/,https://ico.org.uk/media2/migrated/4026558/house-hold-appliances-247-limited-enforcement-notice.pdf
House Hold Appliances 247 Ltd,"£55,000 ",31 December 2024,Marketing,Monetary penalties,United Kingdom,ICO,https://ico.org.uk/action-weve-taken/enforcement/2023/09/house-hold-appliances-247-ltd-mpn/,https://ico.org.uk/media2/migrated/4026556/house-hold-appliances-247-limited-monetary-penalty-notice.pdf
F12 Management Ltd,"£200,000 ",31 December 2024,,Monetary penalties,United Kingdom,ICO,https://ico.org.uk/action-weve-taken/enforcement/2023/09/f12-management-ltd-en/,https://ico.org.uk/media2/migrated/4026560/f12-management-ltd-enforcement-notice.pdf
F12 Management Ltd,"£200,000 ",31 December 2024,Marketing,Monetary penalties,United Kingdom,ICO,https://ico.org.uk/action-weve-taken/enforcement/2023/09/f12-management-ltd-mpn/,https://ico.org.uk/media2/dc3fkoce/f12-management-ltd-monetary-penalty-notice.pdf
Cover Appliance Ltd,"£200,000 ",31 December 2024,Marketing,Monetary penalties,United Kingdom,ICO,https://ico.org.uk/action-weve-taken/enforcement/2023/09/cover-appliance-ltd-mpn/,https://ico.org.uk/media2/jw4iwxug/cover-appliance-limited-monetary-penalty-notice.pdf
Cover Appliance Limited,"£200,000 ",31 December 2024,Marketing,Monetary penalties,United Kingdom,ICO,https://ico.org.uk/action-weve-taken/enforcement/2023/09/cover-appliance-limited-en/,https://ico.org.uk/media2/migrated/4026562/cover-appliance-limited-enforcement-notice.pdf
SGS Home Protect Ltd,"£70,000 ",31 December 2024,Marketing,Monetary penalties,United Kingdom,ICO,https://ico.org.uk/action-weve-taken/enforcement/2023/09/sgs-home-protect-ltd-en/,https://ico.org.uk/media2/migrated/4026561/sgs-home-protect-limited-enforcement-notice.pdf
SGS Home Protect Ltd,"£70,000 ",31 December 2024,Marketing,Monetary penalties,United Kingdom,ICO,https://ico.org.uk/action-weve-taken/enforcement/2023/09/sgs-home-protect-ltd-mpn/,https://ico.org.uk/media2/pdcnh23u/sgs-home-protect-limited-monetary-penalty-notice.pdf
Ministry of Justice,,31 December 2024,Criminal justice,Monetary penalties,United Kingdom,ICO,https://ico.org.uk/action-weve-taken/enforcement/2023/09/ministry-of-justice-reprimand/,https://ico.org.uk/media2/migrated/4026378/moj-reprimand.pdf
Simply Connecting Ltd,"£40,000 ",31 December 2024,Marketing,Monetary penalties,United Kingdom,ICO,https://ico.org.uk/action-weve-taken/enforcement/2023/09/simply-connecting-ltd-mpn/,https://ico.org.uk/media2/b2zdfsll/simply-connecting-ltd-mpn.pdf
Simply Connecting Ltd,"£40,000 ",31 December 2024,Marketing,Monetary penalties,United Kingdom,ICO,https://ico.org.uk/action-weve-taken/enforcement/2023/09/simply-connecting-ltd-en/,https://ico.org.uk/media2/migrated/4026352/simply-connecting-ltd-en.pdf
Gloucester City Council,,31 December 2024,Local government,Monetary penalties,United Kingdom,ICO,https://ico.org.uk/action-weve-taken/enforcement/2023/09/gloucester-city-council/,https://ico.org.uk/media2/gafknxua/gloucester-city-council-reprimand-23082023.pdf
This Is The Big Deal Limited,"£30,000",31 December 2024,Utilities,Monetary penalties,United Kingdom,ICO,https://ico.org.uk/action-weve-taken/enforcement/2023/08/this-is-the-big-deal-limited/,https://ico.org.uk/media2/je1l0303/this-is-the-big-deal-limited-mpn.pdf
London Borough of Lewisham,,31 December 2024,Local government,Monetary penalties,United Kingdom,ICO,https://ico.org.uk/action-weve-taken/enforcement/2023/08/london-borough-of-lewisham-reprimand/,https://ico.org.uk/media2/migrated/4026219/lewisham-reprimand-20230816.pdf
"Swinburne, Snowball and Jackson",,31 December 2024,Legal,Monetary penalties,United Kingdom,ICO,https://ico.org.uk/action-weve-taken/enforcement/2023/08/swinburne-snowball-and-jackson/,https://ico.org.uk/media2/migrated/4026144/20230809-ico-ssj-redacted-reprimand.pdf
Recruitment company reprimand,,31 December 2024,General business,Monetary penalties,United Kingdom,ICO,https://ico.org.uk/action-weve-taken/enforcement/2023/08/recruitment-company-reprimand/,https://ico.org.uk/media2/migrated/4026148/20230809-ico-recruitment-reprimand.pdf
NHS Lanarkshire,,31 December 2024,Health,Monetary penalties,United Kingdom,ICO,https://ico.org.uk/action-weve-taken/enforcement/2023/07/nhs-lanarkshire/,https://ico.org.uk/media2/migrated/4026016/nhs-lanarkshire-reprimand.pdf
My Media World Limited t/a Brand New Tube,,31 December 2024,Media,Monetary penalties,United Kingdom,ICO,https://ico.org.uk/action-weve-taken/enforcement/2023/07/my-media-world-limited-ta-brand-new-tube/,https://ico.org.uk/media2/migrated/4025953/bnt-reprimand.pdf
Executive Office,,31 December 2024,Central government,Monetary penalties,United Kingdom,ICO,https://ico.org.uk/action-weve-taken/enforcement/2023/07/executive-office/,https://ico.org.uk/media2/migrated/4026064/executive-office-reprimand-20230721.pdf
The Patient and Client Council,,31 December 2024,Health,Monetary penalties,United Kingdom,ICO,https://ico.org.uk/action-weve-taken/enforcement/2023/07/the-patient-and-client-council/,https://ico.org.uk/media2/migrated/4026065/patient-and-client-council-202308-reprimand.pdf
Fortis Insolvency Limited,"£30,000 ",31 December 2024,,Monetary penalties,United Kingdom,ICO,https://ico.org.uk/action-weve-taken/enforcement/2023/06/fortis-insolvency-limited-mpn/,https://ico.org.uk/media2/migrated/4025676/fortis-insolvency-limited-monetary-penalty-notice.pdf
Fortis Insolvency Limited,"£30,000 ",31 December 2024,,Monetary penalties,United Kingdom,ICO,https://ico.org.uk/action-weve-taken/enforcement/2023/06/fortis-insolvency-limited-en/,https://ico.org.uk/media2/lyvj02ms/fortis-insolvency-limited-enforcement-notice.pdf
Nottinghamshire Police,,31 December 2024,Criminal justice,Monetary penalties,United Kingdom,ICO,https://ico.org.uk/action-weve-taken/enforcement/2023/06/nottinghamshire-police/,https://ico.org.uk/media2/migrated/4027166/nottinghamshire-police-reprimand.pdf
Maxen Power Supply Limited,"£120,000 ",31 December 2024,Utilities,Monetary penalties,United Kingdom,ICO,https://ico.org.uk/action-weve-taken/enforcement/2023/06/maxen-power-supply-limited-en/,https://ico.org.uk/media2/migrated/4025470/20230530-maxen-power-supply-limited-en-redacted.pdf
Crown Glazing Ltd,"£250,000 ",31 December 2024,Utilities,Monetary penalties,United Kingdom,ICO,https://ico.org.uk/action-weve-taken/enforcement/2023/06/crown-glazing-ltd-en/,https://ico.org.uk/media2/mwsc0y5f/20230518-crown-glazing-ltd-en-redacted.pdf
Crown Glazing Ltd,"£250,000 ",31 December 2024,Utilities,Monetary penalties,United Kingdom,ICO,https://ico.org.uk/action-weve-taken/enforcement/2023/06/crown-glazing-ltd-mpn/,https://ico.org.uk/media2/migrated/4025472/20230518-crown-glazing-ltd-mpn-redacted.pdf
Maxen Power Supply Limited,"£120,000 ",31 December 2024,Utilities,Monetary penalties,United Kingdom,ICO,https://ico.org.uk/action-weve-taken/enforcement/2023/06/maxen-power-supply-limited-mpn/,https://ico.org.uk/media2/hfoldkyr/20230530-maxen-power-supply-limited-mpn-redacted.pdf
Thames Valley Police,,31 December 2024,Criminal justice,Monetary penalties,United Kingdom,ICO,https://ico.org.uk/action-weve-taken/enforcement/2023/05/thames-valley-police/,https://ico.org.uk/media2/migrated/4025394/tvp-reprimand-20230530.pdf
Parkside Community Primary School,,31 December 2024,Education and childcare,Monetary penalties,United Kingdom,ICO,https://ico.org.uk/action-weve-taken/enforcement/2023/05/parkside-community-primary-school/,https://ico.org.uk/media2/migrated/4025365/parkside-community-primary-school-reprimand-20230523.pdf
Ice Telecommunications Ltd,"£180,000 ",31 December 2024,Marketing,Monetary penalties,United Kingdom,ICO,https://ico.org.uk/action-weve-taken/enforcement/2023/05/ice-telecommunications-ltd-en/,https://ico.org.uk/media2/migrated/4025189/ice-telecommunications-en-20230509.pdf
Ice Telecommunications Ltd,"£180,000 ",31 December 2024,Marketing,Monetary penalties,United Kingdom,ICO,https://ico.org.uk/action-weve-taken/enforcement/2023/05/ice-telecommunications-ltd-mpn/,https://ico.org.uk/media2/51ddszd2/ice-telecommunications-mpn-0230509.pdf
UK Direct Business Solutions Limited,"£180,000 ",31 December 2024,Marketing,Monetary penalties,United Kingdom,ICO,https://ico.org.uk/action-weve-taken/enforcement/2023/05/uk-direct-business-solutions-limited/,https://ico.org.uk/media2/migrated/4025187/uk-direct-business-solutions-mpn-20230509.pdf
TikTok Information Technologies UK Limited and TikTok Inc (TikTok),"£12,700,000 ",31 December 2024,Online technology and telecoms,Monetary penalties,United Kingdom,ICO,https://ico.org.uk/action-weve-taken/enforcement/2023/05/tiktok/,https://ico.org.uk/media2/migrated/4025182/tiktok-mpn.pdf
Shropshire Council,,31 December 2024,Local government,Monetary penalties,United Kingdom,ICO,https://ico.org.uk/action-weve-taken/enforcement/2023/05/shropshire-council/,https://ico.org.uk/media2/erflolxr/shropshire-en-202305.pdf
Norfolk County Council,,31 December 2024,Local government,Monetary penalties,United Kingdom,ICO,https://ico.org.uk/action-weve-taken/enforcement/2023/05/norfolk-county-council/,https://ico.org.uk/media2/migrated/4025138/20230505-ncc-reprimand.pdf
Plymouth City Council,,31 December 2024,Local government,Monetary penalties,United Kingdom,ICO,https://ico.org.uk/action-weve-taken/enforcement/2023/04/plymouth-city-council/,https://ico.org.uk/media2/migrated/4025139/plymouth-city-council-final-reprimand.pdf
Ministry of Justice,,31 December 2024,Central government,Monetary penalties,United Kingdom,ICO,https://ico.org.uk/action-weve-taken/enforcement/2023/04/ministry-of-justice-1/,https://ico.org.uk/media2/51fn2osx/20230524-reprimand-moj_redacted.pdf
University Hospitals Dorset NHS Foundation Trust,,31 December 2024,Health,Monetary penalties,United Kingdom,ICO,https://ico.org.uk/action-weve-taken/enforcement/2023/04/university-hospitals-dorset-nhs-foundation-trust/,https://ico.org.uk/media2/migrated/4025003/uh-dorset-nhs-reprimand-202304.pdf
Join the Triboo Limited,,31 December 2024,Marketing,Monetary penalties,United Kingdom,ICO,https://ico.org.uk/action-weve-taken/enforcement/2023/04/join-the-triboo-limited-en/,https://ico.org.uk/media2/migrated/4024884/join-the-triboo-limited-enforcement-notice-pecr-reg-22.pdf
Join the Triboo Limited,"£130,000 ",31 December 2024,Marketing,Monetary penalties,United Kingdom,ICO,https://ico.org.uk/action-weve-taken/enforcement/2023/04/join-the-triboo-limited-mpn/,https://ico.org.uk/media2/migrated/4024883/join-the-triboo-limited-monetary-penalty-notice-pecr-reg-22.pdf
Sussex Police,,31 December 2024,Criminal justice,Monetary penalties,United Kingdom,ICO,https://ico.org.uk/action-weve-taken/enforcement/2023/04/sussex-police/,https://ico.org.uk/media2/gukj1tfu/sussex-police.pdf
Surrey Police,,31 December 2024,Criminal justice,Monetary penalties,United Kingdom,ICO,https://ico.org.uk/action-weve-taken/enforcement/2023/04/surrey-police/,https://ico.org.uk/media2/migrated/4024929/surrey-police.pdf
Achieving for Children,,31 December 2024,Social care,Monetary penalties,United Kingdom,ICO,https://ico.org.uk/action-weve-taken/enforcement/2023/04/achieving-for-children/,https://ico.org.uk/media2/migrated/4024791/afc-reprimand-20230403.pdf
London Borough of Lewisham,,31 December 2024,Local government,Monetary penalties,United Kingdom,ICO,https://ico.org.uk/action-weve-taken/enforcement/2023/03/london-borough-of-lewisham/,https://ico.org.uk/media2/kutmdxxd/lewisham-council-en-202303.pdf
Gain Capital UK Limited,,31 December 2024,Online technology and telecoms,Monetary penalties,United Kingdom,ICO,https://ico.org.uk/action-weve-taken/enforcement/2023/03/gain-capital-uk-limited/,https://ico.org.uk/media2/migrated/4024794/gain-capital-reprimand-20230310.pdf
NHS Highland,,31 December 2024,Health,Monetary penalties,United Kingdom,ICO,https://ico.org.uk/action-weve-taken/enforcement/2023/03/nhs-highland/,https://ico.org.uk/media2/migrated/4024678/nhs-highland-reprimand-20230314.pdf
University Hospitals Bristol and Weston NHS Foundation Trust,,31 December 2024,Health,Monetary penalties,United Kingdom,ICO,https://ico.org.uk/action-weve-taken/enforcement/2023/03/university-hospitals-bristol-and-weston-nhs-foundation-trust/,https://ico.org.uk/media2/migrated/4024607/reprimand-university-hospitals-bristol-and-weston-nhs-foundation-trust.pdf
NHS Blood and Transplant,,31 December 2024,Health,Monetary penalties,United Kingdom,ICO,https://ico.org.uk/action-weve-taken/enforcement/2023/03/nhs-blood-and-transplant/,https://ico.org.uk/media2/about-the-ico/documents/4020811/nhsbt-reprimand.pdf
Metropolitan Police Service,,31 December 2024,Criminal justice,Monetary penalties,United Kingdom,ICO,https://ico.org.uk/action-weve-taken/enforcement/2023/03/metropolitan-police-service-reprimand/,https://ico.org.uk/media2/migrated/4024616/mps-reprimand-inv07262020.pdf
Chartered Institute for Securities & Investment,,31 December 2024,Charitable and voluntary,Monetary penalties,United Kingdom,ICO,https://ico.org.uk/action-weve-taken/enforcement/2023/02/chartered-institute-for-securities-investment/,https://ico.org.uk/media2/1kip5gw2/chartered-institiute-for-securities-and-investment-reprimand.pdf
It's OK Limited,"£200,000 ",31 December 2024,Retail and manufacture,Monetary penalties,United Kingdom,ICO,https://ico.org.uk/action-weve-taken/enforcement/2023/02/its-ok-limited-en/,https://ico.org.uk/media2/migrated/4024079/its-ok-ltd-en-20230213.pdf
It's OK Limited,"£200,000 ",31 December 2024,Retail and manufacture,Monetary penalties,United Kingdom,ICO,https://ico.org.uk/action-weve-taken/enforcement/2023/02/its-ok-limited-mpn/,https://ico.org.uk/media2/rp3blrnn/its-ok-ltd-mpn-20230213.pdf
Monetise Media Limited,"£125,000 ",31 December 2024,Marketing,Monetary penalties,United Kingdom,ICO,https://ico.org.uk/action-weve-taken/enforcement/2022/12/monetise-media-limited-mpn/,https://ico.org.uk/media2/migrated/4023265/monetise-media-limited-mpn.pdf
Power Leisure Bookmakers Limited,,31 December 2024,General business,Monetary penalties,United Kingdom,ICO,https://ico.org.uk/action-weve-taken/enforcement/2022/12/power-leisure-bookmakers-limited/,https://ico.org.uk/media2/wr1nkfva/power-leisure-reprimand-160125.pdf
Royal Free London NHS Foundation Trust,,31 December 2024,Health,Monetary penalties,United Kingdom,ICO,https://ico.org.uk/action-weve-taken/enforcement/2022/11/royal-free-london-nhs-foundation-trust-reprimand/,https://ico.org.uk/media2/migrated/4023133/royal-free-1-reprimand.pdf
Department for Education,,31 December 2024,Central government,Monetary penalties,United Kingdom,ICO,https://ico.org.uk/action-weve-taken/enforcement/2022/11/department-for-education/,https://ico.org.uk/media2/migrated/4022280/dfe-reprimand-20221102.pdf
Department for Work and Pensions,,31 December 2024,Central government,Monetary penalties,United Kingdom,ICO,https://ico.org.uk/action-weve-taken/enforcement/2022/10/department-for-work-and-pensions/,https://ico.org.uk/media2/migrated/4023126/dwp-reprimand.pdf
Secretary of State for the Home Department,,31 December 2024,Central government,Monetary penalties,United Kingdom,ICO,https://ico.org.uk/action-weve-taken/enforcement/2022/10/secretary-of-state-for-the-home-department/,https://ico.org.uk/media2/migrated/4021809/home-office-reprimand-20221007.pdf
Processing of special category biometric data,,31 December 2024,Transport and leisure,Monetary penalties,United Kingdom,ICO,https://ico.org.uk/action-weve-taken/enforcement/2022/10/processing-of-special-category-biometric-data/,https://ico.org.uk/media2/migrated/4025077/redacted-reprimand-202305.pdf
Chief Constable of Kent Police,,31 December 2024,Criminal justice,Monetary penalties,United Kingdom,ICO,https://ico.org.uk/action-weve-taken/enforcement/2022/09/chief-constable-of-kent-police/,https://ico.org.uk/media2/migrated/4021722/kent-police-reprimand.pdf
London Borough of Lambeth,,31 December 2024,Local government,Monetary penalties,United Kingdom,ICO,https://ico.org.uk/action-weve-taken/enforcement/2022/09/london-borough-of-lambeth/,https://ico.org.uk/media2/migrated/4025202/lambeth-reprimand-letter.pdf
Wakefield Council,,31 December 2024,Local government,Monetary penalties,United Kingdom,ICO,https://ico.org.uk/action-weve-taken/enforcement/2022/09/wakefield-council/,https://ico.org.uk/media2/migrated/4023136/wakefield-council-reprimand.pdf
London Borough of Hackney,,31 December 2024,Local government,Monetary penalties,United Kingdom,ICO,https://ico.org.uk/action-weve-taken/enforcement/2022/09/london-borough-of-hackney/,https://ico.org.uk/media2/migrated/4021719/hackney-reprimand-letter.pdf
Secretary of State for the Home Department (Home Office),,31 December 2024,Central government,Monetary penalties,United Kingdom,ICO,https://ico.org.uk/action-weve-taken/enforcement/2022/09/secretary-of-state-for-the-home-department-home-office-1/,https://ico.org.uk/media2/migrated/4021721/home-office-reprimand-letter.pdf
Virgin Media Limited,,31 December 2024,,Monetary penalties,United Kingdom,ICO,https://ico.org.uk/action-weve-taken/enforcement/2022/09/virgin-media-limited-reprimand/,https://ico.org.uk/media2/migrated/4021725/virgin-media-limited-letter.pdf
National Crime Agency,,31 December 2024,,Monetary penalties,United Kingdom,ICO,https://ico.org.uk/action-weve-taken/enforcement/2022/09/national-crime-agency/,https://ico.org.uk/media2/migrated/4024010/nca-reprimand.pdf
Ministry of Justice,,31 December 2024,,Monetary penalties,United Kingdom,ICO,https://ico.org.uk/action-weve-taken/enforcement/2022/08/ministry-of-justice/,https://ico.org.uk/media2/migrated/4024009/ministry-of-justice-reprimand.pdf
South Wales Police,,31 December 2024,Criminal justice,Monetary penalties,United Kingdom,ICO,https://ico.org.uk/action-weve-taken/enforcement/2022/08/south-wales-police/,https://ico.org.uk/media2/migrated/4023135/south-wales-police-reprimand.pdf
Jackson Quinn,,31 December 2024,,Monetary penalties,United Kingdom,ICO,https://ico.org.uk/action-weve-taken/enforcement/2022/08/jackson-quinn/,https://ico.org.uk/media2/migrated/4023130/jackson-quinn-reprimand.pdf
Secretary of State for the Home Department (Home Office),,31 December 2024,Central government,Monetary penalties,United Kingdom,ICO,https://ico.org.uk/action-weve-taken/enforcement/2022/08/secretary-of-state-for-the-home-department-home-office/,https://ico.org.uk/media2/migrated/4025200/home-office.pdf
Crown Prosecution Service,,31 December 2024,Central government,Monetary penalties,United Kingdom,ICO,https://ico.org.uk/action-weve-taken/enforcement/2022/08/crown-prosecution-service-reprimand/,https://ico.org.uk/media2/vbzniemo/cps-reprimand.pdf
Ministry of Defence,,31 December 2024,Central government,Monetary penalties,United Kingdom,ICO,https://ico.org.uk/action-weve-taken/enforcement/2022/07/ministry-of-defence/,https://ico.org.uk/media2/migrated/4021724/mod-reprimand-letter.pdf
Grindr LLC,,31 December 2024,,Monetary penalties,United Kingdom,ICO,https://ico.org.uk/action-weve-taken/enforcement/2022/07/grindr-llc/,https://ico.org.uk/media2/migrated/4023128/grindr-reprimand.pdf
London Borough of Croydon,,31 December 2024,Local government,Monetary penalties,United Kingdom,ICO,https://ico.org.uk/action-weve-taken/enforcement/2022/07/london-borough-of-croydon/,https://ico.org.uk/media2/migrated/4025201/croydon-reprimand-letter-20220921.pdf
Direct Clothing Co. (UK) Limited,,31 December 2024,General business,Monetary penalties,United Kingdom,ICO,https://ico.org.uk/action-weve-taken/enforcement/2022/07/direct-clothing-co-uk-limited/,https://ico.org.uk/media2/e3ef5pfb/direct-clothing-company-uk-reprimand.pdf
Department of Health and Social Care,,31 December 2024,Central government,Monetary penalties,United Kingdom,ICO,https://ico.org.uk/action-weve-taken/enforcement/2022/07/department-of-health-and-social-care/,https://ico.org.uk/media2/migrated/4020887/dhsc-reprimand.pdf
Allied Health Professionals,,31 December 2024,,Monetary penalties,United Kingdom,ICO,https://ico.org.uk/action-weve-taken/enforcement/2022/06/allied-health-professionals/,https://ico.org.uk/media2/migrated/4023122/allied-health-p-reprimand.pdf
Bolton at Home,,31 December 2024,,Monetary penalties,United Kingdom,ICO,https://ico.org.uk/action-weve-taken/enforcement/2022/06/bolton-at-home/,https://ico.org.uk/media2/migrated/4023124/bolton-at-home-reprimand.pdf
Warrington and Halton Hospitals NHS Foundation Trust,,31 December 2024,,Monetary penalties,United Kingdom,ICO,https://ico.org.uk/action-weve-taken/enforcement/2022/05/warrington-and-halton-hospitals-nhs-foundation-trust/,https://ico.org.uk/media2/migrated/4023137/warrington-halton-reprimand.pdf
North Yorkshire County Council,,31 December 2024,Local government,Monetary penalties,United Kingdom,ICO,https://ico.org.uk/action-weve-taken/enforcement/2022/04/north-yorkshire-county-council/,https://ico.org.uk/media2/action-weve-taken/reprimands/4023131/north-yorks-cc-reprimand.pdf
Epsom and St Helier University Hospitals NHS Trust,,31 December 2024,Health,Monetary penalties,United Kingdom,ICO,https://ico.org.uk/action-weve-taken/enforcement/2022/04/epsom-and-st-helier-university-hospitals-nhs-trust/,https://ico.org.uk/media2/migrated/4023127/epsom-st-helier-nhs-reprimand.pdf
Chief Constable of North Yorkshire Police,,31 December 2024,Criminal justice,Monetary penalties,United Kingdom,ICO,https://ico.org.uk/action-weve-taken/enforcement/2022/03/chief-constable-of-north-yorkshire-police/,https://ico.org.uk/media2/migrated/4023155/cc-north-yorks-police-reprimand.pdf
NHS National Services Scotland (NHS NSS),,31 December 2024,Health,Monetary penalties,United Kingdom,ICO,https://ico.org.uk/action-weve-taken/enforcement/2022/02/nhs-national-services-scotland-nhs-nss/,https://ico.org.uk/media2/ojaaev2o/sg-nhs-nss-reprimand-20220224.pdf
Welsh Language Commissioner,,31 December 2024,Regulators,Monetary penalties,United Kingdom,ICO,https://ico.org.uk/action-weve-taken/enforcement/2022/01/welsh-language-commissioner/,https://ico.org.uk/media2/migrated/4023138/welsh-language-commissioner-reprimand.pdf
